5.0,100.83705415079145,79.0638420674525,52.43067983654343,100.0,0.3157030567711116,41.298971949171495,1.3232304500908347,1
3.0,178.89835385590172,58.76560371055891,70.25869689608578,100.0,0.2870633023299395,23.301066446496318,0.0,1
6.0,143.54806193457523,46.4036133872204,30.207568946178924,0.0,0.7936668675670338,34.00049446421987,0.673391480000182,0
9.0,102.90106317138344,13.378113062336,17.568854100473793,100.0,0.0884770612209483,9.364857480557593,0.2874897804785914,1
3.0,141.13704764977666,68.56621084201765,29.05209037568881,100.0,0.982634256720312,50.21495106846231,0.2777965857178159,1
3.0,152.02174238805537,103.48168097539303,34.70248681398138,100.0,0.7484689070553868,27.15398396001502,0.2667554255479665,1
9.0,140.7979187909503,101.32842876222868,15.369317991084934,100.0,0.8272585011811093,33.859194490165066,0.1710972389625608,1
6.0,70.65280896350541,60.23233262222632,49.22338169459715,51.16950319782343,0.3611181463924225,29.54613337494088,1.0294777202537424,1
2.0,97.63161037360422,57.41708602898145,24.181132147062435,100.0,0.4550177842762672,46.7231253851583,0.7507004152416018,1
6.0,112.97940366235186,78.19422056785545,28.46388942546231,95.969457006495,0.0700544556425864,0.0,0.479577868902491,1
2.0,118.51813026879852,49.73132247974714,31.15478803287138,0.0,0.3426012778799591,33.00399796055428,0.9190862140731972,0
2.0,140.7615071216217,74.95476285649764,27.24538576983129,0.0,0.6480964542929453,31.951338661527167,0.0,0
5.0,126.58643202986411,83.96195740066298,33.9230480075138,58.39056934739551,0.8888189185344189,27.847090626418144,0.0314366015294634,1
0.0,78.16898052127677,92.90250454335556,10.623949015249227,100.0,0.1678529549592645,53.569473238500464,0.0,1
0.0,133.06633123219083,67.15701091628891,11.567171936863511,73.28100607873199,0.3903482189044202,22.729512385501906,0.2403937872191918,1
2.0,140.43874384908236,65.14872924656686,2.8975322724528816,100.0,0.4546102339302433,42.3071948913808,0.5254222123392732,1
0.0,138.8132943337933,52.06713781692271,27.532019689923622,0.0,0.0812632393422544,37.40378290673179,0.5059461892956025,0
5.0,155.4849832177479,53.05852113162671,32.962984056193825,96.34133028539443,0.6774047725275201,48.08592717991909,0.5213321725608204,1
1.0,147.58550894556492,64.70630949711037,27.824365858430173,0.0,0.2828029004772173,25.32716879962544,0.0048401889171268,0
0.0,135.59376253531,76.22689083223385,47.2918789335606,100.0,0.4413828946468928,24.55096699033965,0.7377442198052413,1
9.0,118.6546972333233,86.82354174892504,20.410463698735256,68.91835609628129,0.3644151884264367,46.13362490823331,0.5512167085371084,1
3.0,67.74925012748828,53.518328356801305,31.1998664894802,100.0,0.2631984482840977,38.218791438295305,0.7145409671652455,1
4.0,134.64778301224274,98.05815823781472,3.032785981770971,0.0,0.4978865043558336,14.969739309214251,0.0,0
0.0,127.54600598921957,63.84020213977416,14.306404760409585,100.0,0.4353171264295933,26.83620082933341,0.5750034742620684,1
2.0,129.59052279025195,68.68547448964033,31.62860412105244,100.0,0.3884426353164003,37.75931531540712,0.0787497055872985,1
4.0,80.04404557375011,54.60409342453222,34.0856337718903,100.0,0.2814615134958972,43.08561781424976,0.3403860034054992,1
0.0,86.30619070693561,22.06973895070493,15.796528837373083,64.87961316133162,0.5958574012348866,25.185078292323134,0.6487747814486429,1
5.0,154.60089130665293,86.25048068940436,19.35441197027093,100.0,0.9960851805476856,0.0,0.5020519836707072,1
2.0,119.63423507658705,83.3947716035932,0.0,0.0,0.5419661698517382,39.37403359169699,0.1900402666930454,0
3.0,142.70802231592398,63.642245391906656,14.78753278709425,100.0,0.7988354644733386,18.800215858661087,0.4739764146970424,1
2.0,121.80618803617476,70.39961991416251,34.74613061631658,100.0,0.0829334224539612,9.395402182155546,0.0,1
10.0,121.85219646386383,79.10922082345952,29.70328025770506,100.0,0.5473284317881308,0.0,0.852638508042336,1
4.0,150.92508179123195,38.78661037640107,28.510651542099357,0.0,0.17078950430868,42.80497415033335,0.4039509895467408,0
0.0,104.38656869704404,58.83637805948187,21.29637899489536,100.0,0.0569225217404296,34.717685914778606,0.8421400315485129,1
7.0,123.97586486211148,84.50873478466343,20.613010538050823,0.0,0.2781885777622891,30.537254707595437,0.2976180115712097,0
0.0,106.10719076143864,44.76678519051656,9.934861768424849,100.0,0.8575698003240719,49.59048748296059,0.298596347837421,1
5.0,106.99612072216593,74.7950238840326,31.68125472324056,100.0,0.7850047486008938,40.72043125967226,0.2189541736228727,1
0.0,111.00649204900354,42.78231299030594,27.235567110230235,0.0,0.5729014166163199,52.27234050411862,0.7619135713904079,0
0.0,128.00828069227882,78.1487416592104,28.37230156788479,0.0,0.0401898320330207,16.765721428429444,0.2370782869242744,0
4.0,105.58004410676872,68.40855524342881,12.083442517318714,47.18239909511802,0.441115804583619,32.792302637343234,0.6852610881294234,0
6.0,161.08419601835266,37.76644277143311,0.0,45.140957129376815,0.5905100026705207,14.122782175613434,0.3453082563714649,0
4.0,92.27256632897588,91.69594347646913,38.05444338805913,0.0,0.5526608688735793,30.49328848410549,0.0,0
3.0,114.92010738683652,54.84892341011784,12.838600703865534,100.0,0.0,30.26633292555321,0.2831260435626797,1
3.0,106.8286061352264,53.381102721921,6.69558777531007,100.0,0.2329046455940384,40.59404091970424,0.0816151810458972,1
0.0,167.20329229931946,72.99104242628029,31.5956625906239,57.42019599607457,0.480776670755385,33.7376537974744,0.4831218015388537,1
1.0,127.1897528483704,91.38356457891706,14.227797761293926,0.0,0.6608872728551569,40.556204231703006,0.0778750394917436,0
2.0,153.9190252629963,49.3930567118191,37.458982144745946,100.0,0.0,41.50059357103896,0.7783977583365381,1
7.0,73.3620680628169,70.29658908705065,30.37209519322716,100.0,0.4513628073560424,58.62815839312108,0.441753890223148,1
5.0,129.4456085078163,77.4190401064131,31.43710917120764,24.093717060878923,0.5429146309636858,29.479499467623736,0.4131157257348574,0
0.0,149.36818545994998,82.54624878090499,0.0,9.278371143764645,0.7548835965548639,22.09593213213673,0.6890002976076899,0
5.0,123.53308765681358,72.52296617237816,39.89110376618241,100.0,0.707857275271231,36.103786660733626,0.7909531951791104,1
2.0,154.99537200209124,61.97965992178354,24.680008499741696,38.55501545314719,0.6747713956426415,23.73309567975339,0.4652473131642453,0
1.0,104.34676959678808,53.04474971941484,14.59156577206075,63.74144248359542,0.2600178479894197,50.68713706755113,0.2166327008491848,1
6.0,165.99911808593856,70.77119133109966,22.794215477476016,100.0,0.0,29.858027140446257,0.0,1
7.0,194.464739955816,48.30050316747922,0.0,0.0,0.3820841728815797,26.52619885908692,0.2448175304213554,0
7.0,109.28916606593091,12.42580062020462,27.03844498369073,100.0,0.800489547562568,27.63847449041681,0.2676027463595247,1
1.0,106.64391931517532,77.56926020065875,4.030055869086855,88.17279640274012,0.9180363582573294,41.67732559696537,0.5073360169404502,1
3.0,167.40830326776643,86.63633591707219,0.0,32.39598974643683,0.7131647306893356,31.33858559786848,0.357656382343313,0
5.0,171.4463086633828,23.259110750488333,0.0,69.52022543368908,0.6288022468405203,25.62833152246149,0.6996058137490226,1
7.0,104.16847913109542,49.51122432862721,38.3030139998388,75.47186169836375,0.6138918945157896,52.85115262795768,0.2690025372094017,1
2.0,107.45402185293256,81.11159266350083,10.43178570091538,0.0,0.3331643759717658,23.09719588019135,0.4530193737716763,0
3.0,111.88289251646376,109.01541211240696,45.03964335866399,100.0,0.4609819119339139,33.619679673589324,0.8637998436981704,1
0.0,77.87758364690313,69.50339792890291,11.927176591163237,84.56071283757524,1.0,40.89721258900072,0.5850441458190939,1
0.0,91.50313771250566,54.97674294015479,0.0,100.0,0.2172325982624371,13.950245697078536,0.4520275737010851,1
7.0,88.76749546393384,65.55180904256609,2.635608960821454,100.0,0.9844336372129554,38.86707391658992,0.2726563897194564,1
8.0,96.33047791666787,95.77260253147476,40.27298592011102,0.0,0.4033915536523825,20.7497294293307,0.2623004076873425,0
4.0,119.790083603623,56.56829492498401,18.00562915301332,100.0,0.8976296327285236,42.90883681384123,0.1903470132729052,1
7.0,128.39487144116868,53.595675070985074,11.727403256150383,48.96774632845898,0.0779554971507385,21.84071805935608,0.2928267274258603,0
5.0,170.51601577005047,59.734775669668565,23.0602916136446,100.0,0.6757712603493947,41.37467457581656,0.722025392624368,1
2.0,88.9526706963587,50.60542499978098,28.52852377868072,0.0,0.2789689592157134,46.248830182277615,0.398454982202259,0
5.0,152.3983167512507,71.47980413029903,38.37838105443937,68.3843366122058,0.0754198424227437,43.3649510024671,0.0251251140348124,1
9.0,114.05235698478371,100.61876209430946,43.675987678286816,10.355060453687614,0.5655602127232837,36.16553644920961,1.0571640360027883,0
4.0,119.31716129112216,75.36773789845095,14.743701667374628,100.0,0.8028415365787906,30.47064887342955,0.5778084782690489,1
9.0,142.49422374933133,64.20434205875002,0.0,100.0,0.2465175684219511,26.39824899924885,0.0062017344301408,1
0.0,84.97289531000645,63.43886138303844,13.884557422027584,0.0,0.0502952118624796,50.55820935164184,0.3256480050832873,0
7.0,133.13711187788962,38.774098311284845,24.66448810532618,0.0,0.4724465706995134,24.94595640202181,0.5086033927162062,0
4.0,126.2264706628178,86.23232967665487,5.079857180630226,67.05134954219565,0.4737694013668457,20.96262033187405,1.0361199828814318,1
3.0,136.65844044826076,67.58995837795163,5.185585361679314,0.0,0.6644958882663496,41.0513534333874,0.1051147763163142,0
4.0,130.15339660505018,65.59868967634186,26.00060610479817,100.0,0.7848783714093465,23.80558572239936,0.7949694781068184,1
0.0,199.4696044771486,131.04628681619027,19.721562374872786,37.2673305084542,0.4821754456182517,21.9892507298997,0.9351300073278456,0
3.0,100.4923205039579,74.89580642229431,21.024751926585385,0.0,1.0,16.165469706396777,0.2638154250203172,0
5.0,103.90809743994184,54.51525362815342,8.364074644798889,36.62049907716793,0.5672704233605875,27.50166389436589,0.3800429921572627,0
9.0,100.95950315440754,60.82866263361245,16.813588572707722,0.0,0.3960720481979301,32.22396271802138,0.128881639119282,0
2.0,103.12473218687184,91.37984675841705,5.71226969170713,0.0,0.0165297922691516,36.06848238639625,0.404554362302419,0
1.0,100.50361192619144,71.29744596443263,34.74317457799659,0.0,0.4212021439051496,44.425413682733904,0.4597887184924897,0
2.0,158.94852899544168,41.197407220643086,37.06398935558004,92.40385595515816,0.3990839163766591,39.41739549925637,0.6902441493652647,1
7.0,166.35613593567535,86.93304133075894,0.0,100.0,0.7880914388844411,30.94770780927248,0.8327507289077679,1
5.0,102.63611860001676,56.13800474054352,5.62782623692144,100.0,0.6387450872200562,30.861291018719307,0.2242802026102347,1
2.0,94.26462166066467,105.44197685862038,0.0,9.93080967754679,0.1461892635102148,39.21985813319917,0.0,0
6.0,135.98529780436493,90.05293247486418,10.099617049489629,100.0,0.5516763159233112,48.21632792255713,0.4648679780595638,1
4.0,103.22886258300892,60.42195522422022,19.164992483354222,26.912796262772147,0.701459351518716,34.69050755390177,0.56906092241962,0
7.0,141.15381816817634,93.9517174176612,0.0,0.0,0.95840940781635,27.664255920317174,0.5544572546237487,0
1.0,127.3935366672416,70.41639690423162,5.750242989994989,0.0,0.7662511902242177,21.484181187190565,0.3637711550745064,0
3.0,72.39618832008858,85.64380929737105,4.436682046696024,0.0,0.7282539962934433,16.14657787993574,0.5131929449887623,0
2.0,170.420166442562,78.50381665551281,23.816277270383104,34.8807890043519,0.5180257983845491,41.06198213011358,0.973512231564594,0
0.0,178.3680855390567,52.68068089317705,21.60950939258001,98.0077620387992,0.6164936016270349,40.02014657894678,0.5982540099265905,1
5.0,101.29076190449965,56.61513325304124,8.952199146603947,68.6689532142847,0.8748514702118476,40.01288959625861,0.348315051323979,1
5.0,108.49355008204851,89.08123986107452,23.329133954230368,31.88060990046429,0.100166780756105,31.681818533045742,0.3063345225412254,0
4.0,130.04769250319697,62.6053585571331,11.753118646603754,0.0,0.3951682018349132,49.80183000152266,0.4156788696086711,0
3.0,131.60261727958482,61.26921981310526,16.15351823478315,100.0,0.2682293753731278,27.487401763899157,1.0136609273659418,1
0.0,141.97341672553057,50.57062196062255,47.27523344477659,0.0,0.6137459356178372,44.47217699904503,0.4112274651468287,0
2.0,185.2265452405232,77.31782187251314,41.94737682864557,100.0,0.8690666526952362,32.74283383912339,0.4653480719636456,1
3.0,115.23768872019042,109.112983433317,0.0,0.0,0.3209077139836778,26.02146097678382,0.3122542080200837,0
1.0,95.35448817476949,48.3898614634671,33.7757186860668,0.0,0.0,40.19185762634959,0.8356634913132903,0
3.0,76.76178470353514,69.5698574594515,33.48234487186547,0.0,0.376333776492659,38.03370620047113,1.1206061313204874,0
5.0,97.5102387218586,96.49707877505932,2.1277873799581077,22.038472678774653,0.774042119605222,37.41227855934973,0.6210529193617895,0
10.0,119.83993686803848,67.55495700983312,33.60044230007777,100.0,0.6612889708849639,34.15908538026315,0.4992978311529759,1
4.0,178.3258516325692,77.87601284724484,45.10691069460084,100.0,0.6284558743431728,32.7528616357414,0.4840751177806717,1
5.0,104.33643843084252,48.48956555395053,2.539283100089378,100.0,0.4160020094376561,61.38278951587118,0.0,1
4.0,128.06121445244474,77.40915768582838,5.819954863771782,100.0,0.1162907791340641,47.17422841331484,0.7185449360782745,1
0.0,120.37446732567194,65.46940125891174,36.78258346949604,0.0,0.6545882964873402,41.72935736082905,0.5163090836946242,0
4.0,158.9285847503387,88.22316191618933,24.843924973210367,41.69308135746539,0.2497154569896125,34.519230066799985,0.6136812187687,0
4.0,201.7618376279559,92.13528940035616,29.32362040383237,0.0,1.0,45.0844549670407,0.2364060137582936,0
12.0,103.91219926654976,119.33753465516112,25.949427462407947,100.0,0.6711521625063548,39.31233836141914,0.3446447730585826,1
3.0,105.2379378394169,80.34488356034336,26.751134734850307,0.0,0.3258055092338147,33.50921608273362,0.3358507460174497,0
5.0,154.31314806621032,75.42044854169403,0.0,100.0,0.3165844257834115,29.617940961862207,0.8100572077281758,1
4.0,142.72052766804197,72.87105545060031,37.25708330594317,100.0,0.4721167380159235,32.245175415580285,0.3465304940843761,1
0.0,179.99463442355307,62.24857391947264,39.213439878844376,100.0,0.428149423393475,0.0,1.161260566618343,1
8.0,139.58570193043084,75.6665865631568,16.829748094911555,32.6041045290819,0.8350501326589863,35.685089903712175,0.6145154606939773,0
6.0,109.4026530948141,63.36921264330282,19.8043688029782,100.0,0.5559248509232139,27.43598225469776,0.0496490395414128,1
6.0,139.8009545821539,72.36814293963052,0.0,100.0,0.2805104783274416,51.99350597973803,0.4293511769336022,1
1.0,156.37851457865304,94.6613921907944,28.72807609628536,8.647678817238145,1.0,33.4282600355787,0.2561955345662264,0
9.0,147.15542979831565,49.57307423357496,29.652919067426303,0.0,0.5147924994560668,19.17023164948745,0.0,0
0.0,137.13276899543354,91.21364408590348,19.504943728011025,0.0,0.730651902790669,32.61141418128821,1.0013248811776645,0
6.0,155.03359006685292,94.65203230639338,38.48965375792804,100.0,0.3175320477665722,20.85577119626245,0.7046401814748213,1
11.0,158.3174588942615,66.80947057637307,15.154764304320953,0.0,0.6089346883233571,38.78620750540711,0.6483916222246724,0
0.0,165.12908771320087,27.936014959233265,29.533694814297604,36.908845101551286,0.5933329973429585,36.63317889920593,0.5266486115592021,0
2.0,141.65871640286858,57.30825345036801,4.185370580926151,100.0,0.0,44.502507647077564,0.0144521847628031,1
4.0,115.55222142986068,94.26169420328551,20.123165586012192,100.0,1.0,23.86759485800413,0.3118227268071504,1
2.0,125.59483796586632,68.65635959140168,17.710331873554626,100.0,0.887193338276764,33.601295535492135,0.7505294364535082,1
0.0,159.5082869282674,49.71353669347873,24.104926752655064,100.0,0.3808414051562037,17.092742813965707,0.1239461701419915,1
4.0,94.75805852840844,59.30736652817258,14.587569138666264,100.0,0.1693190778632433,41.47763842671164,0.0,1
0.0,132.69754588393283,85.40802851418832,18.396438469253315,0.0,0.6042684841410656,39.32267992919344,0.3967279114245134,0
5.0,108.31315800552446,79.70663122310675,33.7167547430641,1.810160049577192,0.5260093098243189,39.05049924812534,0.4249782496168847,0
1.0,121.81983433391416,64.46471727610792,13.51177220418852,0.0,0.6067006845689689,33.21910457001191,0.5167714908332687,0
9.0,161.81045960343357,61.983606410795055,0.0,100.0,0.5574732188582269,38.09432011130774,0.7130396710033114,1
1.0,127.01517017663691,61.49989190854985,48.49334246728673,100.0,0.6518722967917778,52.13120147804144,0.6829475238485301,1
3.0,122.38596954099675,51.20524242072905,42.60326525904779,100.0,0.934191709817542,29.83588776690424,0.557552805535738,1
7.0,77.3846034886426,100.43828837570716,0.0,100.0,0.6704309615385938,34.836013167779,0.8676208894567008,1
0.0,144.78011411287108,62.8469828973,31.53532488392311,0.0,0.1851033503270177,20.383709669659368,0.0,0
5.0,141.5554937965144,92.71287530401464,12.45240367117851,100.0,0.9087688558137356,22.95452065313968,0.6389165805920162,1
8.0,190.12415114577476,98.61353140729554,24.715795445296955,100.0,0.9921843690464862,34.35419685850103,0.6792841982645279,1
0.0,111.05109648150398,88.46723142407042,25.2075860642159,100.0,1.0,46.22641585108251,0.0616048833074406,1
4.0,127.91281048524606,60.72656593326985,16.74947519493885,100.0,0.1629517900281206,30.17588627383145,0.0,1
5.0,128.88027787874418,76.93236375253022,7.959749350617656,0.0,0.5728646039450825,30.41618495411694,0.2249931561365759,0
6.0,171.37850495243117,68.63060523601622,9.45134316293985,19.383574702542504,0.0,28.39875411484838,0.2529297825274383,0
0.0,117.85054296361754,51.56818390183551,5.840929352300121,0.0,0.6659447469137627,26.88987128403699,0.7212818424193046,0
0.0,129.82868882465087,75.3925700653991,7.190844668312884,100.0,0.3355399105499682,36.680663177364096,0.2684876625982475,1
6.0,140.35268831092927,46.22662805149983,19.42514735921032,0.0,1.0,15.532359786891996,0.1884486404489214,0
5.0,126.87149194100348,92.14098013615433,9.047840174227971,100.0,0.2676155089944254,48.31508700466739,0.2694492331541009,1
5.0,106.6141243343831,60.08642443241117,31.41283305140192,100.0,0.0,25.34801688207237,0.842167302605044,1
5.0,127.11087977274585,73.00249732393307,44.29593848537483,100.0,0.3586208777892441,41.71846112817007,0.4762173569187711,1
1.0,155.25621599551272,74.59578470799515,11.219148138079312,100.0,0.0,18.214016550752262,0.4125679106068621,1
5.0,88.05151041884608,64.07724351014089,24.330472008566037,0.0,0.725329836352193,41.092313540445375,0.4354881799299519,0
5.0,125.15502957270004,80.48185974862032,28.49496176484694,0.0,0.0,41.12894637221108,0.8995719706620791,0
1.0,98.49613392194648,59.88686906152302,28.05203633470839,100.0,0.5085372743549477,37.73358444966958,0.2239241584943269,1
10.0,159.14149212559497,86.00316757067053,21.7152842866574,100.0,0.0,21.46574344276245,0.9073332443011743,1
5.0,72.15801904691921,42.98799420321308,32.38291869375556,75.30495136770692,0.4039106586390074,36.14466863725731,0.5415742749430177,1
0.0,103.01450088730918,71.55176384320038,28.21598324289052,31.6568203277694,0.9930134467413602,19.239937020134214,0.4188011845661599,0
6.0,132.97078000206469,106.71522258173071,0.6974012427632346,0.0,0.6081943674307385,30.21739358986501,1.2996980648162473,0
0.0,170.9967689354989,49.693572302651845,34.40649703022837,0.0,0.2409519185105198,45.34707459127285,0.1224833288766645,0
6.0,118.7959916456644,55.95174757181788,34.69665339626788,100.0,0.4906389533182748,42.60108273943476,0.354830013583321,1
8.0,103.13361514581766,79.06981228338294,8.287422333142695,0.0,0.505405061613334,33.37915872197711,0.0639652598367159,0
1.0,181.0970262220989,72.58388656962819,21.107005367161637,100.0,0.6417891037530217,21.697282404110467,0.7871649122474721,1
7.0,74.56355518668019,75.90222392590704,31.43326388497711,100.0,0.089942491015752,40.817935003655485,1.031021537038706,1
5.0,50.53820938815738,78.59023032486466,17.150978886730215,0.0,0.6777701821541992,33.4286986048367,1.0246444406449355,0
7.0,134.98046240170663,81.41359649009833,37.667648764256185,100.0,0.0,5.820275940881007,0.8770270372913276,1
10.0,104.83426482071644,90.62817693395073,58.32195991390977,100.0,0.3110346342908568,42.43503195053492,0.4064876251595353,1
3.0,88.22054985181718,77.05048194441314,7.924223477840282,81.23992188371524,0.3535178472645366,32.91405256033764,0.3510052364508608,1
1.0,143.5674063135793,64.41960150040028,0.0,100.0,0.6899980478213715,47.38892472620026,0.0,1
1.0,128.70162284067837,82.14792980333299,25.361097529678013,0.0,0.5067892558030608,20.275807877654906,1.1457741401451735,0
1.0,102.8494838164247,105.95770953696716,32.0450000820183,100.0,0.0783310838431139,0.0,0.6271317438671428,1
4.0,79.93025924253138,66.52690532017807,16.806138018483697,59.893239851927305,0.2045020622548954,36.49318952847319,0.309062264488201,1
5.0,148.81863450496462,50.19413148938955,43.75217061313655,100.0,0.5596040028642221,36.64045138484728,0.9114868302546862,1
5.0,141.70643769467716,90.57736498416726,0.0,100.0,0.4762797974406331,13.250074794243869,0.1499149449524396,1
7.0,117.72637235905977,66.76460541930018,31.586697968505774,0.0,0.326262767109276,21.653705358774047,0.6064918933277051,0
4.0,179.9923838735253,26.950210807327693,10.806226867857706,100.0,0.3557498631464062,65.71156937589484,0.4147597565497337,1
9.0,86.65728747756313,85.53998053671818,48.01004649931674,0.0,0.7088503991477867,29.59379475298512,0.6833021333003796,0
3.0,72.08319453040836,58.71463319249389,52.38024565068989,100.0,0.3446922281392356,41.82531592123935,0.4508571585293938,1
13.0,98.75894176380018,67.34365432329928,8.233494595466434,100.0,0.473572626791278,25.522214037053075,0.0,1
6.0,119.44124747662408,75.54041841303888,11.707085825462718,100.0,1.0,8.534425793532751,0.4969157793537825,1
1.0,128.68686237832614,72.79569378771389,34.25340619167683,100.0,0.0728952089348231,31.19095268780832,0.8190740309607449,1
0.0,113.18044614859744,82.86336525249736,14.305909603367766,100.0,0.0,30.06586618862396,0.4622293696623308,1
5.0,132.1657726884575,60.65156441094504,19.77342051308419,96.8599011607614,0.735076899439582,28.48143678371322,0.7284631052459875,1
3.0,80.8507384259058,79.054252484616,20.906214728678563,0.0,0.296407081611769,31.84723814102457,0.1258297402418883,0
6.0,167.10046733034432,64.064794454872,0.0,0.0,0.4045287416772139,36.318365605418514,0.4632076774276789,0
5.0,118.2711622914378,83.43292332921754,20.278596062492205,100.0,0.2656530865606658,31.428619975205084,0.2651870393656809,1
4.0,156.6534666108201,81.03812918985324,9.464355614973218,100.0,0.4220599577697462,18.284727218221107,0.7191506580746589,1
1.0,131.8672110840865,50.95248918033485,12.610034841603648,52.36967773685137,0.9795614336289024,38.93698054043088,0.4823237071087206,1
0.0,135.5161030129211,90.16805305379562,43.59811205550103,85.09951648357718,0.7406385375854359,10.197413287195406,0.7003143868674188,1
2.0,139.13255296743054,58.702309164787465,0.3958896915318988,0.0,0.7586670535660931,9.005782004046438,0.8319321510582537,0
7.0,135.22667392055408,84.77632128665421,33.51128298796763,100.0,0.0751318832622063,41.9223298374785,0.7008257483651795,1
5.0,141.4671283157614,76.225373879986,16.036593114691065,100.0,0.1546538790341392,39.18283921119721,0.5623022017511963,1
0.0,163.43288096423782,104.76076332982537,16.02383730406665,100.0,0.0,32.52273469212638,0.1414917424327248,1
4.0,127.18867743044704,64.76475994198606,33.14595033682738,0.0,0.2571857536751738,16.733707643890153,0.4709777973692556,0
5.0,143.5881202428324,62.32325415530696,25.940820713102248,36.25349003310138,0.7870109559156975,24.846650900045915,0.2954470769327592,0
1.0,118.02845778280874,68.72325964577799,29.629807955512497,100.0,0.6550839547245113,30.099588377299256,0.358014830330901,1
4.0,166.98375089438315,63.218312213015054,35.99095456852578,100.0,0.4335460211143628,14.368451170825464,0.3479291961016669,1
4.0,99.25544633410335,84.61887289767577,15.199065869066835,54.95508815451275,0.4933099148845841,24.479461835325854,0.147544634747077,1
0.0,178.5300938531461,37.74357419633019,10.704212247875995,0.0,0.2933343372273783,40.89749799048482,0.0,0
5.0,119.614945579381,48.65856106856073,3.1375915750752306,100.0,0.5614276647205353,50.04220329861276,0.2507446510035092,1
6.0,75.11519673222247,48.38462332136365,7.293431520336718,100.0,0.7297634838441844,28.250669918629107,0.5359085985868967,1
7.0,124.99934127714526,87.53596728428737,67.68551080493961,0.0,0.0152339637768582,42.12656258092996,0.0256533979635006,0
7.0,99.10634696080382,102.28589942808937,40.41487329178859,100.0,0.5898943063512044,10.614091167067889,0.4770908202721076,1
0.0,147.80059356763917,67.07368516037305,0.0,100.0,0.7797304612864002,40.98152464514062,1.1008888484469297,1
1.0,100.0160326623235,65.82485857011379,0.0,95.27095648294572,0.3754699133109891,23.713408706215727,0.8105317197884911,1
6.0,106.62213013712706,70.45901196439571,28.209856987495865,88.96967374571939,0.710210183636175,36.82667827715405,1.015912239518895,1
6.0,60.43469660974301,91.64043907059887,29.25623675804747,100.0,1.0,30.276521464771434,0.6013633272647324,1
6.0,106.42619778402955,51.10934919670286,29.28214136507783,0.0,0.4686971621039324,48.78088531544925,0.8583457514085137,0
17.0,43.33586154787339,73.72435826505483,16.420707303140833,83.25962639970226,0.6179921150015971,22.88165934958897,0.2322676742151623,1
6.0,70.21510964845686,88.01883401777913,18.4927318399536,0.0,0.2785828749015825,40.60575431122961,0.2586233716157232,0
8.0,145.2332689966175,78.821226896833,25.74607238654972,100.0,0.5543753487806151,29.90181193310091,0.0,1
7.0,146.04560507682663,72.77788336201561,21.874288100693285,0.0,0.6380814874946912,31.33199535948597,0.864514151908001,0
6.0,134.51464197711888,88.52029419580253,0.0,100.0,0.5584527020810414,31.03052406072133,0.9817472373203824,1
3.0,89.95676341986518,16.6572935158148,16.8232059107969,41.77016517506492,0.194091404087343,23.221057366969468,0.2887983317900536,0
6.0,119.37323660345665,82.2507811988996,6.877497051834983,55.41596368152842,0.5619085313976352,33.03363220230128,0.3878419851825151,1
1.0,120.7847187491018,56.41093174732797,23.303382702536197,7.485054019064947,0.938658781615291,32.46075097896251,0.2223716403682917,0
3.0,83.83232994583864,33.585721800984736,68.26414404165456,46.6179217241768,0.6345907293543582,36.04663493119941,0.5985583255390496,0
2.0,169.00874565654885,79.01733043078463,26.37970664758887,100.0,0.7885961567215523,34.197160719175784,0.8442526724953727,1
4.0,148.9755932984215,95.74897577616136,15.483525021241633,0.0,0.4288964089962117,42.61633568542439,0.0,0
12.0,113.82914643745076,66.43349881622277,35.24882403163603,100.0,0.7249700718271131,44.09740166935895,0.6074241536425855,1
0.0,121.760346847825,87.58576621573701,28.2230061953474,100.0,0.5837803514649578,20.80264480243195,0.3803216435609629,1
6.0,127.56824985432168,100.37819820497973,27.22151184722946,0.0,0.2147267810938304,43.45151550697111,0.5094335437409742,0
0.0,55.56448421042271,94.60934039953052,30.20960949145073,0.0,0.5955563014396623,19.20123016010372,0.6238270145541903,0
2.0,112.99032375934092,100.915311869805,53.40469703727266,100.0,0.2024910009679068,40.13669948002528,0.4096049927661961,1
8.0,99.07650406407043,83.4972733267947,2.4057850347853496,0.0,0.3101359175345624,40.51291765949385,0.4376127515226866,0
4.0,88.84815968336271,70.56341259469089,28.07811322898327,0.0,0.5567984921877123,10.646460678382454,0.4011073195394145,0
0.0,111.90479062764943,38.02186324919493,5.677901920295385,100.0,0.5891732820140372,34.29715510904704,0.7930746627919212,1
1.0,178.42596885918474,64.326387730279,29.38820234147597,100.0,0.1432302604768612,27.67174586234828,0.6105095468022014,1
6.0,141.40697156054432,52.74101605086588,5.80101581622249,0.0,0.8161957313548629,24.246569956362578,0.5449131509910664,0
1.0,102.62227232695052,111.21628871945758,13.822130982318653,100.0,0.6716018834901418,49.14005750224827,0.0512149803184543,1
5.0,139.22264900339707,65.68781523881266,15.7785613721935,0.0,0.2885814693167349,25.486586140478455,0.3465901049964459,0
4.0,165.67937397075207,71.49017325161901,36.11306750951535,100.0,0.0387245610652474,23.68475223640701,0.7693594920722666,1
2.0,150.4882778532086,79.79881629518506,35.195271103078625,100.0,0.4565286262755706,34.093200292060104,0.4843775657040184,1
11.0,122.80817183744558,69.9458874596256,0.5685219768578484,100.0,0.3662168858416519,41.28995900632132,0.6902049164340047,1
6.0,100.19802311342164,101.9839901843566,21.37894577599758,100.0,0.5339421371159069,31.528546685080507,1.0566154059084467,1
0.0,143.24314603563488,57.020602382351626,9.146722324013238,100.0,0.39106500165333,46.963172438897175,0.8156786089081183,1
4.0,133.491532333496,72.8753846316025,0.3639214291946473,79.76386491512355,0.0,39.46551281117627,0.5027354097786148,1
2.0,149.54618304088743,54.69607063745786,17.027727193210072,0.0,0.3834959185096525,7.497106427169122,0.3027625846652143,0
7.0,141.22549765382303,43.4915632823183,15.564275384706884,100.0,0.4083142666795061,26.952289830617303,0.0,1
1.0,154.48568689021874,57.23167963643746,59.32746378152836,100.0,0.6900983074322176,26.570263227649956,0.4161645906614858,1
3.0,103.77247323006183,68.38148613726081,27.427357205771138,0.0,0.2905400976166851,38.85645925046719,0.3639898638846229,0
6.0,163.05661010029843,60.77153684436515,0.0,38.15948927685284,1.0,2.2271587347854838,0.6011112103448694,0
7.0,127.2231873501568,55.66703299044719,11.463615933264924,100.0,0.0,63.27831456286913,0.4209573698713784,1
0.0,187.3083479240085,41.817441204766425,36.842132726870375,73.59016139453885,0.8933502493407873,39.46610791975168,0.365852545326421,1
3.0,98.84598982113384,67.48775189100331,53.9150843659188,0.0,0.4327043087365685,34.95674628622876,0.0,0
2.0,176.45084170128797,39.90842474379855,0.0,100.0,0.7578754617030669,47.14249905374593,0.1607706485513279,1
2.0,127.23314507080474,83.84508569557829,0.0,100.0,0.52394044521762,60.855117823188976,0.6296714945049845,1
10.0,100.05462388433766,70.69933120692936,50.43544280594851,100.0,0.8418666608076408,43.47481040614316,1.0398654259049218,1
5.0,105.41565331026172,40.823500910380346,26.733826837934465,0.0,0.3837914106341566,44.39599453836512,0.4396190979801986,0
0.0,110.64888613778176,63.101343905232646,6.607316289978137,0.0,0.1704138724466563,34.74214228867972,0.5804054653530348,0
7.0,134.47331028486133,54.50816573154268,29.054065377958963,100.0,0.9261512861813188,31.52999611027001,0.7871702699513785,1
11.0,137.630735617136,75.29198550213209,0.0,100.0,0.4659558062353576,27.58561376074217,0.2034941071177173,1
7.0,102.54159987396548,95.104738652849,20.554008105554576,100.0,0.5664675420872631,23.451878497768405,0.5933154483274814,1
0.0,120.12065304764856,32.721654088872555,25.745138765489365,79.52307752614803,0.8704255742134386,25.09323362354593,0.2267977748040555,1
2.0,189.45265147557964,71.33150593545989,35.288322232605275,11.915905713871922,0.1904134273716695,17.2634396207528,0.7581568891405248,0
8.0,176.18138144322276,65.99342376600717,4.277664763319397,0.0,0.6786472692917772,32.304716881916725,0.5220144088720234,0
1.0,134.86235742956904,82.12399748313902,21.870994582453744,100.0,0.3230315730611327,13.32092258872864,0.5706875504278566,1
5.0,122.11611130138242,73.23601458781117,5.693205983046603,100.0,0.4603491933066884,35.45281498489579,0.2128598642544469,1
6.0,124.74100245498435,54.511794964266905,24.586140090789076,0.0,0.5216836896152867,32.771298825100374,0.7059277110311698,0
1.0,140.53257512737335,62.910353648067606,6.174458842191614,100.0,0.0499334415659192,34.93383652096292,1.1619399769274663,1
4.0,88.17063791365103,53.65709837801231,13.970386573436471,100.0,0.2663488871538696,27.038847473764093,0.1382812288132637,1
0.0,112.66395080245296,89.9745384888128,4.566953683356335,100.0,0.9053218677239416,69.50695236812994,0.3594397684686696,1
0.0,67.50530963591714,69.51344598423567,30.918179869178516,0.0,0.7658573565754387,49.24936762212769,0.5485620739496384,0
3.0,133.67513992336893,105.98309930360833,34.235217866506645,0.0,0.4812081268018295,18.514398499000272,0.7322004561706152,0
0.0,141.61027007048773,67.92318021199635,16.74607088068138,62.638735514807394,0.5729370375538679,35.9478434316374,0.2866901795691857,1
9.0,105.43803320642004,55.35690872193702,21.11180791936045,100.0,0.4117272483090627,26.025527513339583,0.0,1
0.0,171.26757642528105,39.73394078331116,0.0,100.0,0.9069750157483948,21.22913922485252,0.9217917225682924,1
2.0,81.6754987839251,34.119090280634666,15.705173631891409,100.0,0.4398942266617508,17.38714956073757,0.7236275255823512,1
4.0,74.04000383328577,38.36776270569349,19.696726127332084,51.84311691125376,0.5695526276404544,38.3001569509592,0.0,1
9.0,128.0824581939191,74.28225702962277,62.4326894564796,0.0,0.8438090432426195,25.15971322617903,0.270794729920967,0
0.0,154.40714568358896,78.96926545066071,2.708527587613382,100.0,0.2667885545462281,44.62034708349741,0.9909683841735448,1
8.0,174.7856861266518,38.42490038057661,43.926835820039,0.0,0.967636755349068,44.926630131459184,0.9511206145095537,0
4.0,106.21570358819392,86.46374329307663,36.449740375452926,100.0,0.0408615770769869,49.41218974549511,0.7825898475067307,1
0.0,155.41778666980147,59.72861559734127,24.990182471842186,47.03888836533012,0.9888926393338396,23.14183616032558,0.4136067843592854,0
5.0,119.66772897597735,71.94778443251965,48.63792774712213,100.0,0.3881973248144076,38.80931420616572,0.4993688356269408,1
4.0,115.37592640189378,100.37708018815522,26.45368756170981,100.0,0.4271903756524154,40.66295975637915,0.4285635585032521,1
2.0,149.1771179995735,86.4986827277913,26.72654713068686,64.0181196162288,0.0,27.60469753377322,0.8453473682619852,1
4.0,141.77433210922942,63.890505430626845,19.650069551719277,19.965537965630205,0.3635615847866921,24.093090902764075,0.1819961634501185,0
2.0,70.45545097650403,51.810870826943415,40.07710211869804,40.527412529731606,0.1880580406919347,52.19234385615648,0.2051803142333282,0
4.0,168.14929119122866,27.354781214211485,38.043507740974135,100.0,0.3177060963879582,35.88445133363824,0.8063008882427212,1
6.0,165.06292333271847,55.148425606697046,10.4891634000606,88.68842836428097,0.4588067102633361,40.70441945839851,0.4572163582256731,1
9.0,100.88199355169506,65.00407336674272,0.0,11.392925790485164,0.7873374843418717,23.499503060430456,0.9281726946552104,0
0.0,133.5657130699971,49.94871717326703,17.252309801669487,60.71926153140876,0.5622810054201878,18.812443295038115,0.2496294594894393,1
11.0,136.70896596104765,66.55361483840929,7.699382969637657,88.85207382364605,0.5923029960203341,26.4804926609931,0.4537683627278489,1
0.0,129.24156050636503,70.5909265294001,19.48360680615432,0.0,0.1713441833463313,31.73654762879804,0.1665813020166514,0
3.0,103.29023507694656,64.73779395292327,40.29901015494623,100.0,0.2357737731191809,20.64220391955529,0.4743370475512007,1
6.0,99.40805222598236,56.48994993202488,13.18317351861136,0.0,1.0,33.08383125792548,0.0,0
5.0,120.08226972827376,72.3719006361545,19.814825899014803,0.0,0.279439689571026,13.275638780791702,0.3104933376639073,0
2.0,158.4273286162997,77.67364860164653,21.428363756934324,0.0,0.9968624756171888,19.983440414855508,0.0,0
3.0,138.29520494702183,47.94625789760878,34.07489411528455,0.0,0.42708164033574,41.11675272966713,0.7015885901863065,0
2.0,109.04034137324462,96.47208816707764,0.0,0.0,0.5006863808430512,40.32472813927915,0.7090910714604447,0
2.0,145.59435874074703,67.18739023368532,10.792795283755252,0.0,0.821109548068979,28.57585416843498,0.0,0
7.0,29.74663613983759,69.46568268513003,23.880539076471564,100.0,0.8815677265815969,21.190381152891955,0.9134161817606896,1
5.0,157.66050241190732,82.8393598111772,39.70126330282978,19.218661336872508,0.4667562319162737,21.076638091993075,1.2985444068449716,0
1.0,65.22915907910081,73.62439294651193,12.629560839900718,100.0,0.3835270839435383,28.795434697892496,0.4871281140097288,1
7.0,109.30188987509976,87.59085069791695,0.0,100.0,0.483223865443336,40.80531820141445,0.2596911798656425,1
5.0,85.0705633719634,74.67020880491539,30.41538313545818,94.89870945206576,0.6013872584696355,44.15329915786303,1.4067534256220084,1
7.0,79.47019277693101,57.2187149319755,10.33420177878993,70.87851332436553,0.7673911060609266,27.34092552131277,0.0353214270618689,1
6.0,158.0464571961126,76.11316838899836,1.4653334545542194,0.0,0.5012689576982454,19.588789373379555,0.4785552405336715,0
1.0,105.93356155801948,46.91171157797916,10.510473764588417,100.0,0.6856658894069461,36.360554926822736,0.5313549722411667,1
2.0,131.98812421538292,71.20605829206454,17.547594277506406,100.0,0.9915079196812824,23.482287346614974,0.9171438623697492,1
6.0,119.39854147586612,68.45533818149745,10.824085367388596,0.0,0.6143928836794355,27.08461886143781,0.5909736007669669,0
6.0,136.1653064711399,65.06253296891272,0.0,0.0,0.5934958568014335,48.83825786715705,0.3068521804940226,0
4.0,123.35830051392816,66.60637227808473,34.85305915019411,47.565848558168895,0.0443267524729796,42.95996205707607,0.1570579734015865,0
4.0,79.84424882596578,32.5921285173458,40.89800066045956,0.0,0.0,35.064096884567135,0.3587569774985291,0
8.0,152.78053822230848,58.45473678982534,30.924351861432093,100.0,0.6165127187690504,18.19135578686987,0.1386070435271572,1
2.0,105.099789338838,70.90119108213761,2.2970292732029343,0.0,0.4715527306157383,35.694479496153775,0.48773018084873,0
6.0,71.08937924288797,72.20121400474956,17.27613545683971,100.0,0.3455651975255774,45.739356031292814,0.2851510644661789,1
3.0,107.2003148490908,49.1631022660364,20.39565895632867,100.0,0.5730590612559034,28.767522743966683,0.0,1
3.0,168.92431330029797,93.65473211277518,30.08071023299056,100.0,0.4818788812409275,49.14314626184324,0.8873532559520931,1
8.0,148.10709574763175,52.29620794463868,31.193447819489293,100.0,0.8383340751901696,48.45439441631485,0.307170394744988,1
7.0,109.74313169894852,87.90746969021869,8.753219219544068,100.0,0.5258332604776934,52.83204741929299,0.0521467175531715,1
7.0,109.72375346181028,77.38757062031068,21.81192890261697,14.833249375690372,0.2759230144789497,36.801868893069965,0.4162062264846237,0
8.0,110.60767836104375,56.563190189030216,27.81648647384386,0.0,0.7970498716877867,40.13122205771095,0.494530988335295,0
4.0,187.3559354739469,103.54103131662453,43.793157154348265,88.80208085410338,0.4348606775161392,49.88741000230687,0.0,1
6.0,133.1219344714097,45.94344546392429,31.772104637195568,100.0,0.6579610051016921,38.47924845741392,0.5816753778186274,1
3.0,134.66133271011424,86.93159096803402,33.1249069980083,95.81975792487373,0.3567767881421598,27.28543752807549,0.1252908447635224,1
5.0,153.86907052901896,88.51129697003377,21.84122604686977,0.0,0.305051934350769,27.90719452897124,1.0382505358421508,0
3.0,128.54125308884844,56.08996794391308,43.06734632325606,0.0,0.5252504690557088,36.01494845453013,0.6453309294973992,0
4.0,112.61065133373752,96.11382682124795,27.05620473535196,71.27832611392765,0.5038485930631056,17.97137522103462,0.3395331032738162,1
6.0,114.6168048292807,64.24909761678032,6.722593437222873,71.08332238166435,0.6439481106100499,31.509544798702528,0.2252494680249569,1
1.0,118.60875969874996,74.70065640802922,42.95391952200305,100.0,0.4194062740070772,46.139255995117,0.4371556887964404,1
11.0,119.70888843168508,74.15024367216168,31.66645236062444,0.0,0.0,7.343204556249685,0.6747337354640689,0
0.0,144.18414539638337,66.49441041547136,13.411295661944283,100.0,0.3701678349234834,51.30688880117528,0.4634614434382988,1
0.0,122.5622683458336,84.82968049929977,12.828112521612104,100.0,0.7381455401431447,46.444015780697285,0.4000204348377004,1
8.0,144.34448247089853,84.49368117871293,25.245208722252187,100.0,0.410787176227068,27.774777533200385,0.4912205662607234,1
6.0,118.31706943652536,35.17847971917929,27.910956724281355,33.21341684920766,0.4260849792456356,39.61201176888736,0.272022693760568,0
6.0,123.41632609011492,94.40420071183615,23.656676250099306,100.0,0.7959129517717811,33.23714317749466,0.3582988382149545,1
6.0,56.95757809497256,36.84765543210791,25.48093877508616,100.0,0.2864080318223232,47.71388634757646,0.0,1
4.0,150.2224855904794,89.13139636422815,47.69931799322209,100.0,0.0371590345271301,44.79566108468531,0.7942033824121337,1
1.0,131.98763122873578,90.9580796544551,37.64469043575817,68.41303281723194,0.4518106641423517,16.679165466440494,0.5708020652865031,1
4.0,152.83632351550887,47.93525125382515,23.55016946024039,100.0,0.3547478146253789,40.12969647887729,0.2158861156249346,1
1.0,28.21982789780195,61.13020281368105,35.56096929227974,0.0,0.2101261040740238,30.77359132700968,1.100381278828584,0
7.0,187.72799055298327,47.64932943137284,3.979617543559368,100.0,0.4473864632303928,34.17742433211358,0.50070245500988,1
3.0,116.43313189903444,64.93053201239853,26.866832799148945,94.3356945018586,0.6474516941740351,24.607571568556175,0.1289364776762098,1
1.0,156.36185013560055,63.12413488679661,49.448901595729765,54.17089189114383,0.4972134315296553,53.828017415625865,0.7554800865067217,1
3.0,87.62301033198301,84.22541432602519,17.01126567372202,100.0,0.5920943218058713,45.4727294748504,0.6036539596645658,1
5.0,140.50876496200223,94.5199896747204,6.937857142094643,2.04760103532837,1.0,24.47070026511899,0.6025059751952766,0
2.0,87.190701978443,96.17626592932514,10.066577782511027,33.36564605970845,0.3971363415327308,17.451594838459258,0.3309748948603235,0
1.0,100.93939325773424,58.193940284380936,3.065871402521786,100.0,0.5835045903934009,28.649062954461392,0.6210140845705294,1
5.0,182.1490033237372,65.04109564935615,7.943809469956745,0.0,0.3472359912202596,38.32713122387741,0.3852580059368177,0
5.0,114.79816317557292,36.44129907091356,14.571870422559536,16.426719405710713,0.2460920840339081,36.03442895856544,0.6559166204947737,0
2.0,127.85785194175114,53.466120709973936,0.0,62.86267122076608,0.324527703974669,47.98696733226528,0.0,1
2.0,148.74216738204015,87.81812168209066,20.749893343193648,100.0,0.3563724285434934,42.52105272173406,0.3282878837538884,1
5.0,136.76182041512337,100.4423067768357,34.93643478058635,100.0,0.6078427392641377,44.640914503884304,1.0419333373745123,1
0.0,125.71340496459445,45.15363188552951,5.975901117649274,0.0,1.0,37.05689372720316,0.2180006722625005,0
0.0,132.57875207891922,57.60619337243385,44.808542778268304,18.494181527747763,0.2851869691172479,16.806274983510317,0.2720295235297552,0
1.0,197.8092987276248,68.58772831499681,28.67267341644152,9.832769293953248,0.3750124083153612,30.890757332466567,0.3236247969730582,0
3.0,119.05619849492528,74.53512648110036,36.98928936998492,70.90413559030515,0.4810630960666255,45.709058930922254,0.069799169020859,1
5.0,127.33516949487895,53.393691713520056,9.974647138365809,100.0,0.6187396546129241,32.59202944340918,0.0,1
9.0,154.5209406722436,77.32678426260334,34.172403633065855,100.0,0.5790652435864355,39.13646634976021,0.3955759020886841,1
7.0,156.2768298546555,59.90751666682422,3.029057593674992,0.0,0.8852287381844351,29.43876988009563,0.5168694693710284,0
3.0,158.88496977793216,68.81962594496137,34.74396001338414,100.0,0.0,21.04822018720623,0.4545208223137061,1
4.0,141.3393671049339,79.69791441127177,23.2494294366965,100.0,0.0,31.7445400442559,0.4239451959952494,1
0.0,84.32384279262453,69.22459203433219,29.35201951975654,100.0,0.3512365483969552,36.84675982778532,0.4861465282514783,1
4.0,173.1698090336351,60.634113723784566,1.690486310002374,100.0,0.8291900562631126,25.462884910354965,0.810460527083303,1
3.0,84.21694742340199,66.97356980383887,6.178882523574325,100.0,0.0303055905183211,30.418607310691318,0.4088623124574292,1
5.0,130.58433488764908,67.38575859141649,30.05565149205416,100.0,0.0,22.114333744565407,0.2818786669841137,1
1.0,96.76317279938056,61.92178602028672,5.326431932412788,100.0,0.6713538218657626,46.40709002725634,0.3788474645020434,1
6.0,118.84757290902424,64.0793563842582,27.91130067358597,100.0,0.5730971671108143,29.7254220604612,0.6636637774794928,1
9.0,131.42039712971138,100.1137551077915,0.0,68.52016360977746,0.172937477960171,50.342515432488966,0.9392808967978156,1
3.0,131.18343089440873,79.98183729006003,34.07078740266669,100.0,0.204338119783721,51.23922463638272,0.2639844223350019,1
5.0,134.40146413552912,63.36768183023428,0.7796269637038549,100.0,0.2090768841095976,32.24365761628343,0.5046470835065605,1
6.0,172.5387606098767,82.62091544750827,29.33679900287237,100.0,0.5331605952421821,21.300304955941275,0.5838963132808026,1
2.0,135.41309764844735,62.6239018987334,30.51009493833601,0.0,0.3121054171450979,8.586405042746623,0.1433566797727595,0
5.0,113.08698767069924,91.85861796918084,9.3516509051268,0.0,0.6482191756926559,15.829962538283862,0.4786580823474758,0
4.0,151.75078938522745,76.27105852864301,29.81242507335563,100.0,0.0,16.988749066195812,0.0,1
4.0,158.9630556455885,67.01833840631795,24.66707621333689,96.56404198290132,0.2429444404616602,49.46594160404576,0.0,1
1.0,81.61654991561625,77.78570836071938,11.878530300916188,9.05308051104197,0.1621838117266849,34.566730129277964,0.593293061012337,0
4.0,140.01680223519546,38.62500264987111,4.363125054780671,96.04120699530932,0.4230977964882523,37.79733338428546,0.3448374606195108,1
5.0,143.33752775394876,47.24071110314978,0.0,100.0,0.3385856724529584,6.999032094565514,0.5388548149226235,1
9.0,111.37796789248026,45.93785487585832,26.0944007567951,100.0,0.73935313396873,19.06399613523632,0.4659767626102361,1
7.0,164.9226180259718,71.87309603841591,0.0,0.0,0.0,43.66754136206619,0.148711583892283,0
11.0,116.09822121495915,102.71079099001076,22.02550719106093,66.95418311313288,0.5136474428992256,36.58393452611452,0.4569208260498046,1
1.0,124.91844651108936,112.38722283613706,16.284828542684014,0.0,0.6675009269635117,31.462977711509957,0.0637434680400829,0
7.0,115.36170162291616,81.47819136795069,31.36628440701113,35.13696962973375,1.0,39.86513983148145,0.9323118504984635,0
4.0,121.39852952260696,78.81638281392246,15.667272008162172,32.15147531946515,0.3554702086719574,52.50241411240262,0.0230738158513519,0
11.0,85.81919721935355,34.15947995743686,15.228835418446538,24.775228884018595,0.5973375813057551,30.591698930262805,0.4070950753093996,0
1.0,74.81837175698259,58.57212828515998,32.20993126861273,0.0,0.0,34.01856367136522,0.1269081043563607,0
1.0,171.92416202319913,53.81699521298016,25.86092846534588,65.09418068910449,0.0,35.47264364102941,0.6607094083824233,1
2.0,93.79723685381352,57.05555659392834,25.558495314924453,15.21800023518989,0.75343231273451,61.42689369623312,0.3621962161058225,0
0.0,89.17544481739817,65.83800991945508,28.00828143693642,0.0,0.4983319119055788,8.427596079855501,0.3002213158053794,0
2.0,51.99151636468113,59.94144279267572,0.0,100.0,0.8535538069395268,41.26203157450794,0.7543097114120645,1
1.0,100.45322407393591,30.70158367870972,32.60861887979171,100.0,0.0879791333090752,31.84533346464305,0.4816415258452697,1
4.0,78.56112661096006,83.60945896868014,30.299500704217635,36.45015648864045,0.6559706418586257,39.88790636897332,0.6429093116048051,0
5.0,173.4444851243638,48.28878530064775,4.233069942776044,81.96795453011694,1.0,25.443003862862252,0.1470811150127191,1
10.0,153.21414685896428,73.7413891637563,16.59471242121278,0.0,0.6259116825071798,32.62221263587029,0.0069055915599952,0
7.0,98.87918895431284,109.33720379314948,19.8710833979579,100.0,0.5829744516773147,41.59464483769285,0.5073858354352843,1
2.0,192.9779457710179,51.26393892322338,18.34805144957228,100.0,0.5025668242473049,69.93234037231733,0.3663618563312439,1
1.0,152.316495583731,20.0124220587212,25.841759465096555,97.85111749399964,0.0287355628622263,42.734827034944445,0.6792498765822556,1
5.0,110.50539572772408,63.55151809552584,43.401868509298936,100.0,0.9066718807131044,23.192825943240003,0.445450302168696,1
0.0,40.91901712404567,90.45861691897228,37.80826764276526,99.99303693318802,0.3167427080584802,28.199635752132103,0.5397799372866625,1
10.0,194.21016232290373,107.09194061187952,0.0,0.0,0.6513449769149051,27.849713521070527,0.0,0
8.0,76.43368106356493,45.24673786762311,30.45311984489678,32.35794789538668,0.0310897080286239,12.011410562965825,1.096972627012319,0
2.0,68.24724009737946,78.73596493078851,41.76293311256656,94.99810177212944,0.1461621006476658,29.30493573792304,0.4175359029543974,1
0.0,153.6222538243085,60.07297713846696,26.688936331027243,27.43610280075523,0.9305262197666706,41.8473831654966,0.7028012871822749,0
8.0,198.97207700285676,67.04460192649977,37.95568680297547,54.61114243948385,0.3958093133126471,18.16406099489382,0.1951536571573036,1
3.0,165.1967301923366,120.40026093213046,52.69632713121224,69.27077097495001,0.9359826428127632,45.572095282396994,0.5738512776339398,1
8.0,138.94509184167552,39.94237562913402,36.8793527377117,70.48279704589885,0.4765308022824446,38.95574288879519,0.0406583832733092,1
0.0,139.93213893328917,74.02254943299472,24.488937530267663,85.82017810531006,0.0,24.53604680074176,0.6215344544639511,1
2.0,148.20929788096984,78.17324753224939,37.221415585356056,0.0,0.7676202799195162,31.5299502794134,0.3540725780682893,0
4.0,145.1857148731765,90.16425470382332,22.81820532955026,0.0,0.3230323046733176,52.06019733016419,0.4815620568026728,0
4.0,129.89812556702003,71.00087317733536,20.882448692559286,0.0,0.709606644055113,41.85586419936922,0.7029294039730623,0
2.0,124.23443532646004,75.07618046637958,14.87737222858028,100.0,0.5075632602620246,33.30364712779815,0.0639291569860872,1
6.0,118.8970199072153,61.50201779201725,45.51461374131373,0.0,0.0370645316171389,30.39533685986039,0.2453332371671641,0
0.0,96.77313315626635,74.32106266015508,7.405141344927978,100.0,0.5492884296111707,34.10398703132959,0.6232743370397194,1
3.0,111.91839754026324,62.44206985535023,45.017883594849856,100.0,1.0,27.16119001628082,1.1664113080749732,1
4.0,66.72538194574767,81.15849466320738,28.497825979845945,44.98879637960201,0.6478959375543377,8.363955832515629,0.4261947472270495,0
6.0,117.753131942568,61.9295594807535,0.0,0.0,0.4827446740983611,57.29769934430984,0.6675660550328216,0
6.0,89.26508457117065,76.41574764170241,26.382388687862743,38.17702326136813,0.8226030205870694,35.03283499055294,0.4364924434768431,0
0.0,85.58514184909534,68.53230141451141,0.0,72.40598461952801,0.5632005395609332,37.89813772844594,1.114783291864335,1
0.0,126.65661283691132,90.94537486498004,30.50812826929657,0.0,0.5628602690788382,32.51668855145248,0.0,0
8.0,165.44407316302718,68.10296176238336,34.66370372782386,20.446841033290436,0.1725124483522692,24.525621751449865,0.5032195657855575,0
5.0,150.28613139207403,34.703170116786495,11.022304709567145,100.0,0.5701544077368795,31.00609112480451,0.0,1
1.0,70.64398068405833,93.58127711385144,22.47676313528932,100.0,0.8106330249250835,14.327141806107129,0.0,1
9.0,89.23189962974921,51.52879336326519,51.76651894000458,0.0,0.2491813543699926,60.06962067702899,0.5703599395819973,0
4.0,151.00467801562291,56.41693303021289,12.408052731809011,0.0,0.9273487463740844,18.63275841861573,0.5180737705248089,0
8.0,89.4604034067741,57.54417089555625,3.557478607094392,42.12760501135437,0.4724881927564622,21.022797850603283,0.3776189736073313,0
4.0,113.71173920009522,95.76409900751383,44.20661443940158,55.20977901882951,0.2336691465384378,28.00494138824048,0.4367497561968417,1
11.0,138.50166716878567,27.667920248813303,51.90139504849272,100.0,0.7992896230760733,48.39929355325806,1.4974371126775865,1
10.0,89.91297744436368,129.97232155300387,20.55913074956556,18.13151471220568,0.4139617292785192,33.37120619129932,0.3864440293115952,0
3.0,124.27201619667072,89.5875020958814,36.6834085665337,100.0,0.7278544662458324,18.613597606840543,0.6407511635737748,1
7.0,78.21118416261746,73.43083493410569,41.9636146484941,100.0,0.4124724103224388,48.00119265693661,0.2569602447078054,1
6.0,101.65623539356116,68.03505638804404,8.620252279385856,100.0,0.4820521569410289,41.82580739606868,0.5696219823384396,1
8.0,131.1330218925612,74.63974905223854,12.735106634114109,74.260203955495,0.6480680613002875,39.553532495154144,0.3930446535565906,1
1.0,69.9242005269866,79.20977511055915,40.19399221047576,58.701065734660446,0.5872691172770017,41.64566404581592,0.3360183822164593,1
6.0,134.99519161473276,81.6171823674311,47.46022845933615,38.71125494247883,0.0,61.453470426872926,1.0739554141583074,0
7.0,120.2715904343462,79.8787266404669,29.506093762789675,100.0,0.1636268779716824,58.98411976142613,0.8615482228140162,1
0.0,138.57967854134873,70.83786521635182,6.422970343967132,7.533491026409905,0.7788229954372446,25.09675895256112,0.5171631402891453,0
0.0,128.06525229006917,65.27163464603787,52.29297778719106,85.009656076798,0.4603590233295358,52.3618429151716,0.0,1
0.0,164.552493759163,66.16529829712186,12.004465635008568,85.69799829670103,0.3428806091685734,37.72138463915503,0.3524059471033994,1
3.0,124.90718408473305,65.31877936115798,15.137795501256772,21.994460988111516,0.0924277954227577,39.08933063042544,1.3666021238180828,0
6.0,107.1590226839919,91.09513987922104,25.977405351833944,0.0,0.1760791036172455,13.231204186608725,0.3955509883422566,0
9.0,124.81352009703308,80.61500041224872,45.36656673143639,100.0,0.0,31.18944796841929,0.8370650163497608,1
4.0,138.2855369291644,12.056460487512965,34.16361562483558,72.77234244225981,0.4696157843895401,23.60868163402853,0.9491829350463108,1
9.0,122.46352225042254,81.82447506467736,27.13784800579057,100.0,0.320468725825686,42.97109401574105,0.5443770561483278,1
0.0,122.19893411852424,72.87788217754422,27.9126164818897,18.32924469820797,0.2100236327044054,45.8387499047531,0.1932570398516415,0
0.0,98.43626599018384,68.73705012494959,21.196234698295456,100.0,0.4795629724496141,8.721061058007528,0.0,1
4.0,99.68717063836966,61.56274201007561,29.4302322322961,0.0,0.6091911892558214,32.93998860474961,0.698358022049564,0
5.0,76.01663130240982,90.90778676772864,0.0,100.0,1.0,46.43796575657218,0.2022157630654055,1
4.0,176.88645578198208,87.48201336518343,15.754280654883226,0.0,0.0464349741310359,30.997188244701352,0.530205799574826,0
0.0,81.09637646747888,54.10617324422198,24.361150958668496,100.0,0.8478143129901565,41.8029510110279,0.0582094675959204,1
3.0,98.72703367053096,76.99681437021597,2.0837746620878868,100.0,0.7919304683045216,37.3437525179996,0.384106374104363,1
0.0,97.91096750178568,50.24985934989905,26.68117308498496,0.0,0.2662721781869898,37.231590737041,0.4830610071722486,0
6.0,149.53758006222213,42.33540760309474,17.228460464222056,100.0,0.5609707863758093,29.99848325879409,0.5608044753256626,1
5.0,111.46161029465512,56.94168584295467,48.58761117304784,100.0,0.3627100251987154,18.84434651119863,0.1028938559863508,1
1.0,160.82774632555947,85.83043336422551,45.668315603437705,0.0,0.5557065741256216,19.96594426038468,0.8680775240400076,0
2.0,99.34830002419622,87.59062588029607,13.047110894109396,100.0,0.9527393040213652,41.57035967057275,0.2743278262537174,1
0.0,129.82781319116168,79.05385714988748,18.08659661493288,0.0,0.6816818697893938,33.429607415122824,0.0,0
4.0,94.16889429568778,83.16685826485114,19.31683895026572,0.0,0.6525825119700326,31.565555513634752,0.4358132479920935,0
7.0,189.54477208874843,79.11385877003019,13.273448381446038,100.0,0.3709072040136073,28.19809750059624,0.4832782272877582,1
0.0,82.8968505910556,56.65525705267472,23.620399744450022,12.778709753235376,0.0547830005226994,29.59877162332713,0.5250551023798524,0
6.0,130.8142627272649,77.47929736667444,8.367486897798557,0.0,0.4374595368378776,45.55355917496005,0.9227658256197612,0
2.0,141.18086018982717,84.62794478941703,2.410154640999579,56.99757362096464,0.8619824464591745,29.24411983395729,0.3936354350404305,1
1.0,134.14157111844796,83.73325179838334,30.463379582404297,100.0,0.0418496430231057,17.37543638304149,0.4323059043339367,1
3.0,114.97079491591334,92.16491940660806,30.57247334754897,0.0,0.1834731895469915,41.97509095137405,0.106745969811846,0
0.0,116.74573760853036,82.84109463570063,7.630947845440122,0.0,0.5378803208702204,30.78245536639634,0.7435032094558939,0
2.0,122.3019671033315,75.9180952263067,34.825686892201595,100.0,0.2046035645458213,33.570471213286766,0.5329063002098522,1
0.0,116.19593594788836,89.86091462333869,10.394756333354698,100.0,0.2622429658654362,52.169424015514224,0.3328708222656321,1
10.0,151.7441317374371,68.58548757056823,24.5506438086077,67.8847229617593,0.3729204254815469,32.95738542326402,0.0,1
4.0,191.63673605092325,51.991631766182266,33.625504201799295,0.0,0.0903147787429551,36.612367342800965,0.950000436563234,0
1.0,103.06026287974932,65.93650089949098,19.96219896474059,100.0,0.2077634461350895,19.288702802679765,0.065537931765045,1
5.0,77.06630465346952,54.64888869075489,27.77585459425815,100.0,0.7110283750361927,30.607900462258677,0.2761869788986274,1
3.0,118.07497445275985,56.00154146549699,12.237125697798852,100.0,0.1077890653307108,40.3924073334615,0.5905120331661571,1
3.0,203.4506988049382,66.29633778811895,17.356534665150445,0.0,0.0206383596515487,14.846589940673343,0.0758393256278767,0
6.0,95.18241382496862,53.72705353260075,17.206249105914555,74.15181993545816,0.3109925061398317,35.569972098765376,0.0,1
6.0,173.35173777421016,63.12554632500262,8.554746455356177,61.3265186636355,0.7195866507529537,34.389334657208714,0.0,1
2.0,174.5864260504461,32.363875461096555,17.671613390147485,100.0,0.4409234576009331,33.68719197593179,0.7105499914117654,1
2.0,103.18517626534418,73.237897923035,0.0,100.0,0.3606256765653145,45.43847500416727,0.2914433529955874,1
3.0,139.10745853392882,69.12338622202715,12.641540045726323,100.0,0.5133076392546821,37.14637447521255,1.4408264006086724,1
0.0,173.00869194011324,53.2484805572771,15.941992106085266,0.0,0.0,50.641248400606045,0.1427684732761808,0
0.0,108.76791228840042,81.88936596758865,16.401123960073917,100.0,0.6484116961325097,21.475643715990373,0.166899711245027,1
8.0,114.38542847672444,87.28886066995523,16.63604086606754,100.0,0.6150305094210933,34.80390989317651,0.284754926835532,1
9.0,102.2862107536434,37.9133386312419,19.51177280223794,100.0,0.3772074577712836,34.19670807940138,0.5523775708508398,1
3.0,88.42778461782827,54.30313929581544,28.17106428937702,100.0,0.801777353538925,20.58279697369006,0.3162626948620619,1
6.0,100.12311855788778,54.17863841412641,34.49227318612036,0.0,0.1617511703140884,44.48428102467789,0.6745819628348315,0
5.0,81.7339114636078,50.86587983848802,10.103756370427726,75.67289333301547,0.8383726979760707,60.63114500906326,0.1479872429137553,1
14.0,121.99067098429524,85.19181193347592,1.2487863137736888,18.576435683418424,0.5463480996785753,32.9993283210908,0.0145931411885546,0
8.0,96.26085660612348,65.3397729078076,3.8272894041103527,0.0,0.399034223036548,39.15924884163045,0.0,0
3.0,128.38114917730394,63.96841207857415,12.704753260881166,100.0,0.4940379093895065,34.19731801462086,0.0,1
1.0,71.11133932148394,30.225070130508985,14.869258914935855,100.0,0.4678205702567174,24.779700895095328,0.3004191545537562,1
0.0,131.48816743086263,81.42710978605899,8.180062940840683,0.0,0.8660848689253151,11.71502872193621,0.3722755165978435,0
4.0,147.57292677148558,45.05838713984263,0.0,76.08127360710101,0.1769962617586959,24.871872899474692,0.2628943439030663,1
1.0,57.10045943771343,70.26269302716676,13.20206676041299,100.0,0.2712442282560205,16.774891104769573,0.8834673188689506,1
0.0,132.86981023512232,74.48111259638891,23.402825921823545,93.97860883079208,0.8108908676217439,53.30840452109759,0.8783779993802927,1
2.0,160.18540775914536,95.49677675926982,30.020471453369037,66.7676483501867,0.3213395194448422,31.84170561170578,0.3610802111558698,1
0.0,82.19148740188143,43.70888425708922,11.58123115026686,0.0,0.7701599231994775,29.118151917243388,0.0,0
10.0,174.4223163788065,10.521464177075984,13.892034845705057,100.0,1.0,43.69201513249611,0.2843206092337775,1
7.0,134.30860829971346,72.66668116822167,5.672827058443028,0.0,0.3794614919175099,19.96333698630053,0.2733591186134526,0
4.0,98.33962061573092,104.02991692131056,19.996973274003576,0.0,0.7044086979725916,24.151004351546284,0.2543883274859627,0
9.0,119.1153895149534,93.13555924702509,6.925141852946966,100.0,0.1538923155980424,34.00325277713373,0.2409550428096809,1
4.0,138.76646120069512,73.16739265632773,29.6700450118592,100.0,0.7264199894203427,45.33947409879708,0.2556037815150888,1
1.0,123.33217252519718,59.56225799873828,0.0,85.75134453324439,0.5598271957960301,39.11988353299171,0.3439547251378415,1
9.0,138.14019175828383,84.75817837476382,14.745925240760602,100.0,0.6419114846480646,36.13023668168741,0.2615358962920507,1
6.0,91.43844502146028,50.21320372573331,25.317717427067876,100.0,0.3063283783893815,34.121789275785,0.540854750355071,1
0.0,126.3195463691545,78.34134072551065,23.44135226116007,100.0,0.0016749753298482,37.92278309521595,0.591182044964509,1
3.0,75.66113609904065,78.90612108783256,63.588538623687946,100.0,0.6509756194248515,35.57950428052521,0.1704764761425958,1
1.0,117.3407660368416,89.66807220547827,26.09680039308652,45.53005045933246,0.0,21.04632715763216,0.8926226229083281,0
0.0,91.97495547312673,122.6374047548749,4.435126450527836,100.0,0.4047948523272395,33.74373481527119,0.1474993780907567,1
7.0,97.36304183712748,76.71286976326807,18.972572046574832,100.0,0.7823545599259909,20.530473824770525,0.0,1
10.0,160.454981606734,59.22610566127452,0.0,100.0,0.5575693207619108,34.156774006229725,0.5979375416218321,1
0.0,155.8219238590166,68.60385834347531,19.210404011251825,0.0,1.0,27.52835429043876,0.2013379075088535,0
6.0,140.39241986902968,34.7799274451511,7.171103087987861,100.0,0.807532745774532,63.16470314883777,0.5782474768206954,1
2.0,85.94599153047747,55.62256525687226,35.14624440896259,0.0,0.3038304835023271,32.7292462717298,0.0,0
2.0,110.77492960976636,61.15992070060578,11.707355606471442,6.2698299039174685,0.5081940139554316,16.629973118113256,0.9328029166308952,0
2.0,159.71912639933387,58.9326850800689,18.631745347276052,0.0,0.4857887892366692,31.61667351401229,0.6944291180613731,0
1.0,125.43494123647696,72.0556845174542,10.331074537529544,0.0,0.0253469709961618,39.32843319852708,0.0,0
4.0,195.1185452794142,53.1450533117853,48.3216216296533,100.0,0.217880325054694,52.94569456459978,0.0,1
1.0,133.4861708606199,90.84799494609474,15.360115742113411,100.0,0.3317717279060419,26.244461680723123,1.0254200142562817,1
5.0,127.04557172768102,69.10401705941302,49.82091269566723,100.0,0.0,14.52734990652105,0.2278272519421756,1
4.0,111.00827314551996,68.91957376991087,33.526428193892265,0.0,0.5142480404754929,42.83867673488558,0.1957848150695015,0
3.0,125.17330895303304,62.73884249964939,28.21306763736618,88.00843198973482,0.4252784466040877,16.908935270384116,0.0,1
1.0,116.0209652358226,72.11069926686419,26.399730357080315,0.0,0.0,28.05336579021168,0.3557924139458855,0
2.0,143.5594776540349,85.10690633455211,26.800756771460023,0.0,0.6212638595831996,30.160078270970278,0.3965248074893658,0
6.0,151.5144741374267,52.27767381520853,0.0,0.0,0.7147618234072879,32.378325251058726,0.7087282150306996,0
6.0,95.74833726374564,56.33254011194002,16.037865693587896,100.0,0.5681103436594667,41.33214059347716,0.0088050402709385,1
0.0,78.30054548615111,63.2077150417327,34.02252753894915,34.15434108267726,0.4027795474373089,25.13311546902063,0.0,0
4.0,62.14142806069452,42.99010408461963,19.717645064414317,100.0,0.6774326455255565,29.969994824432227,0.6211686321110138,1
6.0,137.1557224612014,53.20639752140293,0.0,100.0,0.7040661081430073,33.031609835197216,0.8051276535761585,1
0.0,85.59226860243605,59.86131505323361,19.66152879076049,100.0,0.5922210709159065,34.9652558987217,0.0,1
6.0,52.00750102552056,86.0631501058269,47.765688260087856,0.0,0.2526163248695717,34.35436066155349,0.8298811625652143,0
2.0,133.33451534499085,74.19368978263734,40.45026744855551,100.0,0.5829802296533542,38.34486814762644,0.4843263495321379,1
6.0,200.6759845578493,72.85564428053036,19.507935850143493,100.0,0.8586441952476437,43.1573062137725,0.8332875672337077,1
1.0,120.70573083072344,85.60742046605866,35.72318843292938,0.0,0.3210112824164809,37.83308256468143,0.4486570603376689,0
0.0,147.73170478245254,66.4349873050517,14.63588767411117,100.0,1.0,38.55230917740878,0.0,1
0.0,123.51853947352208,76.67501808862045,0.0,100.0,0.3423107198043846,14.529766632391564,0.4215987964533911,1
4.0,117.73553109788344,67.09749799310957,5.70854418992713,53.59473485336742,0.5097221040020409,33.79268685015503,0.8228076039801904,1
5.0,150.3104474556086,74.24802957835279,45.50622029613116,0.0,0.2982543211980991,38.85818906641899,0.1760700676832905,0
1.0,111.61121458596315,57.7944820423353,16.116110690731134,0.0,0.5669812507760783,41.80150609593132,0.3434835952916333,0
6.0,129.4565540503009,21.786947129437277,16.60585632999971,100.0,0.0,25.03026086404123,0.4135998103246261,1
0.0,131.19432979827243,66.4949842535857,15.70258885960191,79.87866074390199,0.3361874603549836,25.42333655631399,0.0,1
4.0,99.52110548342245,96.70131384033884,50.96618543316811,100.0,0.1723636398954298,26.425612031653543,1.025116047469805,1
0.0,152.64535518516874,87.06857880348689,46.51534264579301,0.0,0.5406015043676873,39.52968401871786,0.1735446499540352,0
2.0,115.30128778574692,87.8287112010687,56.00048373517014,0.0,0.7983342126526722,45.39979644810566,0.6392984281484965,0
4.0,96.71615489622896,93.08093600304062,17.95527663359918,100.0,0.6938018561343654,28.391970733959106,0.4432019239349429,1
1.0,138.06831499425292,70.81995726465188,25.22999181995352,0.0,0.0,43.91395530079918,0.8881719076549481,0
2.0,92.14902458268682,72.92792472366855,0.0,31.967373937312715,1.0,34.65706174814221,0.6063045765236947,0
7.0,121.80179703581211,57.1175532285736,44.13095081789239,83.71995775552114,0.5885839821862605,31.73342782948325,0.3941400661265574,1
2.0,120.60819210738548,62.96818659307523,1.8155271797130403,92.63012373197404,0.2670502578520999,30.705666088147968,0.1761465043761182,1
7.0,155.6486581066105,81.04596030556014,23.968409020202067,59.1684535661388,0.5471383756972823,42.01001410230546,0.735988582157488,1
0.0,136.0903434521585,92.45535808107502,2.9431595578744947,100.0,0.5528569467508078,37.04181823808743,0.0,1
6.0,120.0991373201554,66.3947422517886,11.078130772180865,100.0,0.2999453849145309,60.05474004624213,0.6856897291113204,1
9.0,147.0685215744092,60.36632826188261,7.103801103204795,100.0,0.5593750002026227,23.143749212631576,0.1081161872353371,1
0.0,165.38664156855404,69.11024240181798,10.773995829186914,0.0,0.3177583137139078,39.31360008395372,0.8864058921076479,0
1.0,138.7499298032596,80.76341092922482,11.874036749616344,47.06533271860256,0.3786914021929932,26.955428084224152,0.525290148621352,0
6.0,121.2312838349882,41.08921656700929,11.727699281198769,100.0,0.2941162592734746,22.942413553534003,0.685104967158386,1
3.0,78.9212405647949,24.554089509137576,33.83334258848491,100.0,0.0701986130781042,33.07176778298733,0.4990382973759821,1
5.0,86.81636278158808,58.41958511986327,2.8221953109996782,0.0,0.5437509410646152,34.820759257003026,0.0,0
2.0,111.13280946065063,45.41817893726532,24.02866283222187,100.0,0.6755898309549014,67.6344479497091,0.1869986469161429,1
4.0,101.39560953090296,59.242080165642165,39.98734643688893,0.0,0.6544650788229116,31.027079374938214,0.6944608707493676,0
3.0,114.91691830446574,66.23306181494105,12.288858167785664,85.20690071735459,0.7459775757905702,19.863890992080737,0.5270630755461083,1
8.0,122.71279759670745,60.30698086495354,9.01329774803837,100.0,0.5973020630044604,36.42152646643376,0.8628076586561775,1
5.0,137.8501681394154,97.27787016873243,16.811605997115986,0.0,0.3401823505349289,8.719247556952855,0.6053838803653038,0
5.0,118.64403910210908,75.438848433285,39.375603333771366,0.0,0.7518991593293567,32.11490996526967,0.1519216741774195,0
2.0,136.46805260243846,74.92920257645007,23.605722095253725,100.0,0.0927447380474195,33.3890983310829,0.2084027704144701,1
2.0,122.96318127392384,81.170818594442,12.000571286278424,0.0,0.2297985852462559,42.576284518753496,0.5059656562631915,0
2.0,57.68506987667613,47.00663751505307,28.242026419008635,6.9066205572435,0.2107399785730266,44.688742543248594,0.0,0
5.0,90.84126739779988,89.2587686759532,2.863325602617227,100.0,0.824016817741793,27.25787849688893,1.0258092641412082,1
2.0,116.28919821690832,67.63017284121207,31.401752167087167,6.73027034618076,0.7828365542420226,31.422754627366796,0.6181181697409714,0
5.0,82.18976822908456,82.10732397447951,27.03771692322828,52.61625747329607,0.6461915711134985,24.15977419879409,0.8780484516231768,1
11.0,140.09771935987854,48.305969679020976,15.575064461777854,100.0,0.8215789595635392,19.88886185326921,0.0,1
7.0,169.88402663499832,38.95707993928835,7.082627224844304,100.0,0.2362151652764035,36.85675839669149,0.8838510680775896,1
3.0,159.90037925431417,84.96705936568554,6.313105243464683,100.0,0.6045785359582941,18.17169052656013,1.210526139550185,1
8.0,114.06982813023336,76.40234480629182,29.05707738153456,40.733113428091535,0.4624476714850507,28.307402573252016,0.0346892643701078,0
2.0,168.60323637919848,51.600199845464296,40.16368803982499,100.0,0.7540646311654742,21.456947273189,0.7272339941131467,1
0.0,125.65735863046756,52.22853622327092,10.303076047539284,65.54599525250804,0.4654327302343407,39.686261598225066,0.472267391691494,1
0.0,110.11324892422276,90.93343481764651,27.834187256823743,100.0,0.3845171334769756,54.45687517134456,0.0,1
0.0,101.27111476668992,46.02540927837384,0.0,22.553430706408903,0.662272555568297,17.84126180292069,0.6350445946829689,0
3.0,111.2209700323799,100.96785529316568,11.146116309484809,58.76805415147686,0.7628507501573698,11.334381901808689,0.7478226608011623,1
4.0,108.47834180668067,51.62795774783135,20.00305707406557,0.0,0.2994964415459595,31.726334752869207,0.2729271110666116,0
9.0,126.3533191160156,81.48480335680262,5.945065328290662,75.76712332728162,0.4816772985942871,33.38523399230155,0.8578183682044788,1
5.0,126.03836739359568,62.724801570469694,5.515898003366464,0.0,0.1824678099075041,35.78017981973612,0.0,0
3.0,120.99747264490928,80.80183616299745,9.81552709649782,0.0,0.0,27.93341792023473,0.0,0
7.0,134.8820214318832,58.544188358984655,25.17508365322197,100.0,0.5601378894241187,30.832456273859908,0.517113737939877,1
0.0,159.00068079316293,65.94181762219749,17.502735705498004,100.0,0.6826716068763896,37.53662284437911,0.4803025270088219,1
5.0,151.28573233412237,69.89383200267699,0.0,100.0,0.5786200427260176,45.4770845332091,0.2347141753316211,1
6.0,73.3832650096031,49.65756335783942,0.0,30.13433438494858,0.0,10.130424510244264,0.7398757583066942,0
0.0,39.17452368313745,83.47199230115044,10.790157154285192,100.0,0.3947451709770576,28.84651461942875,0.6476260180054793,1
8.0,150.79823715965676,59.14365681045124,27.822985376856835,100.0,0.0,35.72294376850455,0.7559440324791593,1
5.0,77.15988165070652,64.66516164240363,0.0,100.0,0.9109103322962554,22.36788196559332,0.4311418398983994,1
2.0,113.70750713943411,49.80962213259485,12.50431718157391,0.0,0.1741836253645742,53.62780165485414,0.6713540687008308,0
6.0,83.4563831661005,19.390727019370978,12.080034295721262,97.00667315764096,0.8766210828379689,25.702163413300905,0.3243897496970718,1
12.0,63.236625997439376,65.39406140555671,42.713404451335165,100.0,0.7837608931052437,32.71274629331406,1.1517139864186632,1
4.0,138.22680730255323,115.90473917929056,14.339651012594182,80.62695938779491,0.2298228942391815,39.76106074273903,0.2029473500896226,1
5.0,145.1929651296847,84.32132318522166,26.627823755854852,0.0,0.1601645146196765,26.22283949213765,1.1687534491507012,0
2.0,102.451667176745,68.72634863315274,22.76011424139941,98.28840468174492,0.6051110649159015,11.41043803590788,0.4834479104865942,1
1.0,37.98664665136289,63.9999179133596,0.0,100.0,0.2467027888450786,28.14187658238491,0.0166058955527461,1
7.0,103.42017765592055,69.5358383205537,32.7913154661078,38.32347623919559,0.5307453926474622,45.34739855993908,0.924734265011727,0
1.0,133.4377281728815,79.71411083439907,23.94634408730061,0.0,0.3551517227579245,29.22463750393537,0.5135733595587314,0
4.0,73.57482979922789,46.192231383008405,28.63229823479343,100.0,0.0,23.212075242784053,0.7536220765638588,1
2.0,126.767517432933,90.7178408765761,83.31980330298123,100.0,0.0,44.12293207213212,0.8769963090375983,1
5.0,120.41008482646414,82.97839751956013,0.0,100.0,0.5680052745483791,29.29685622692798,0.5837632884220033,1
5.0,139.43732798723482,83.03280307873392,48.09514639617774,0.0,0.3315326761008124,27.18010239892744,0.2758682803669583,0
7.0,124.72657178925292,77.6064293329087,15.90083968959431,100.0,0.3340730549257603,34.963581858027055,0.7948611280085218,1
2.0,89.76179389179023,69.4805631592634,25.09726247044815,100.0,0.7087591517281356,42.29485247350169,0.4721500729674711,1
3.0,159.1902880532637,82.1535079777563,19.771804075180125,63.42471894444908,0.8520326829897334,61.30421967444404,0.6989189379593866,1
0.0,115.82705366313697,80.58119419458272,13.712218665631305,100.0,0.4182365835914572,42.9613860703576,0.0,1
2.0,120.0262547356822,62.23161020774413,11.38267314817986,100.0,0.3978203879270415,46.88611160338247,0.619850948330261,1
5.0,91.03542530965774,57.97212560580012,25.772139769168145,100.0,0.6500429099341651,27.229598851943308,0.260528091876995,1
6.0,106.71496796187168,71.07601212808254,0.0,0.0,0.0929193290901274,21.094756349560186,1.0191454899060937,0
1.0,92.58631315113918,99.15099093900662,32.50926668034825,100.0,0.5669459164243091,33.935509925505656,0.6781419121512905,1
7.0,115.36572608245046,45.06132273231432,13.840889521835935,72.34787270025387,0.6655657915466462,34.46460500006324,0.5512929138761171,1
8.0,175.674671364555,40.63000984440266,2.4188905753542755,88.19509609138737,0.7040690625252888,20.47354965189776,0.6328686077989234,1
5.0,76.9991634261966,72.29636031998842,13.29979427206698,88.2322933633952,0.0,31.131524547132653,0.1414160776978062,1
10.0,69.26603526794429,70.08722141600674,40.614387469801166,62.492007690440445,0.2715934190573178,37.91194770028575,1.0091979645647855,1
1.0,167.9774504797955,72.46282828878591,11.93463860774043,100.0,0.23652102415296,37.45264206121335,1.1310436084959954,1
0.0,114.20164233114028,73.8326920394249,26.235257891353925,70.15569102537077,0.5299660863227639,39.150596669934416,0.6019543719914596,1
0.0,99.48967236288269,64.76987626008477,8.804699588552428,0.0,0.6442233739303952,36.63338381562183,0.9983235811978745,0
9.0,154.17694999667447,98.0033507088804,32.62674959877791,34.46536059228723,0.9490131222337944,27.217297820613343,0.2835119462393912,0
6.0,101.52030272842036,38.0424628175556,31.468123820643264,100.0,0.3515103558895781,27.135972605543653,0.2080554095795313,1
4.0,179.33231083350196,53.02715771926322,50.07774133274258,100.0,0.3507282505072359,19.052373503672264,0.4854460918292734,1
5.0,142.59362788285662,67.09685765310847,17.690976872012552,100.0,0.844901605663624,54.26034546238412,0.6158654836997745,1
0.0,105.28683493933752,37.22213706360915,31.198476876126502,0.0,0.5889730815590916,33.35871430250766,0.3414904085085271,0
12.0,189.9338628244961,65.68842455401781,22.069080632623116,100.0,0.8802954533563921,30.54673394162075,0.6499012710119682,1
4.0,101.51712246389316,101.33252121512352,41.23394850980823,100.0,0.5866184009029509,22.24025343886099,0.5733149185663,1
4.0,144.64705190429785,69.50519787294165,8.998681798260314,100.0,0.1528650143860187,67.84076324746779,0.1414604573786608,1
6.0,130.47736257300775,73.57559757094245,32.4200850060365,62.3224972519032,0.100061493566658,20.53472921976984,0.6436204887765198,1
5.0,162.55572126076154,44.65280355565194,17.384843262133092,100.0,0.0345463252823213,28.139594477848338,0.7577278482746235,1
5.0,170.8683582952593,57.14258868403413,19.47298916626404,100.0,0.698615550427542,38.10687466817552,0.5286563441224194,1
1.0,121.92413277010452,61.82119022171562,21.968039751173965,100.0,0.8565790469261024,40.28251299578248,0.8534265221796202,1
5.0,96.79062814892214,62.93632712292906,24.53584634282684,100.0,1.0,44.50359825154507,0.0689393443525088,1
10.0,135.61910857405172,93.9638896230731,18.64033531004867,100.0,0.7529315996969721,54.529780391677306,0.6267915897256429,1
8.0,99.2131081679326,79.91920657806742,23.935410930728423,43.50200856643868,0.8488515732604958,39.17266033443641,0.0845370861826674,0
9.0,185.32839192085197,47.53771563542158,45.74988892099495,13.934855966661727,0.3259951002038946,20.738836560393324,0.1031390704248479,0
2.0,125.2691305946476,73.88219270158089,36.26719496984349,100.0,0.153075254976843,30.16804752356298,0.2630618940327914,1
0.0,109.20971035801252,78.76550192083762,34.40647347995034,100.0,0.755023799725266,36.83242199566384,0.1600780792369249,1
3.0,126.80976978767708,91.21889134731256,13.211367583618069,54.14257527053486,0.6253042256718202,57.605067289768726,0.2905133839966833,1
4.0,77.79195873504972,99.76248931942644,6.272146748346811,100.0,0.5322333123022678,16.705895354593295,0.4010162471545965,1
8.0,89.80835076765916,49.40717267853934,35.784808931804044,100.0,0.6162114441898969,47.39040276165769,0.7489981349756882,1
0.0,159.31324505422162,53.36936428251944,34.51674868047671,0.0,0.5969556447374618,35.32298956064772,0.3655963581884124,0
9.0,99.87938307291536,44.70298953705644,44.06273081201572,0.0,0.8851450579560685,43.08640031570788,0.0,0
3.0,87.39884855417793,64.56001473332455,10.836309984492328,63.62879321410525,0.8884956754450868,31.99646234369601,0.8492624571898981,1
2.0,138.07288808087316,78.14735246425889,16.827221514234445,100.0,0.6632661057021041,23.25929496450935,0.1948231657734218,1
0.0,158.84253294921592,88.25428962182858,0.0,19.36988001403573,0.7537408617688784,42.06029879693572,0.4524635386283678,0
0.0,143.90650594128215,67.62655014133506,14.220462303026032,100.0,0.6542187657274328,40.92228611984633,0.6197035837973754,1
7.0,152.77352594578613,62.894958048856026,36.44512816927116,100.0,0.3616490803896143,44.67027219572872,0.537971048491321,1
4.0,96.68255716577728,72.04410504962556,13.036073932348833,84.34429995733319,0.726969402473942,33.04300530253211,0.8340734302296084,1
0.0,75.402058664261,52.89822770837755,30.747676723213186,0.0,0.0816514793422215,26.12210012482578,0.6304500404630031,0
0.0,168.94267686257558,109.6370512008786,17.45195030403502,0.0,0.816167465688765,14.806313458718671,0.1868065291202572,0
3.0,110.57424515705166,37.91137607390966,25.68491245154497,100.0,0.1416431180701894,42.868604564045,1.19300407959124,1
9.0,112.8733434734385,72.68396723057705,2.136937762949323,0.0,0.5857409860384198,38.20189589283904,0.5362243763649552,0
3.0,163.40221253916985,108.357960653055,21.863351194142417,100.0,0.2464538124721523,21.803764932205283,0.4231303849882814,1
0.0,138.69936030082113,69.23191698446395,0.0,61.58067712830869,0.6660166949223281,26.84483065509984,0.790959315031394,1
3.0,135.48840870661144,65.413242720971,17.509661469408243,100.0,0.4898224322216273,27.692246018973005,0.5544682631028539,1
3.0,190.1800750368347,62.16555879747771,0.0,100.0,0.0215732125510003,15.700783702607469,0.6040445318629173,1
0.0,100.30741662783544,65.60040137380928,39.795912264749056,58.89706722268607,0.6262098893055437,23.551347720059425,1.2968129035368272,1
4.0,150.5908840985996,95.73326040872468,32.93851764423218,67.54997730839251,0.3266237669501868,19.82080178968502,0.3808348072475795,1
3.0,122.72441999670671,26.18987892020756,27.966735711457297,100.0,0.7643440162440107,28.33274765972235,0.366721144080242,1
6.0,129.49495292362425,98.8486138051487,44.83609963455008,100.0,0.5003977066203221,24.48336951971116,0.5104874874761255,1
10.0,169.810989645201,41.47523124246718,5.317335666802604,0.0,0.6186262956164115,14.001341933772366,0.8265717746773238,0
8.0,137.15074420126797,63.92694481285235,48.45781116664893,0.0,0.2127293134954364,57.06656472071988,0.0,0
3.0,138.12547452958825,60.77265824620596,35.415065028166154,8.141590400135257,0.3232003305717914,47.97998062614492,0.0,0
0.0,155.22023479391368,80.51793343355196,16.715115404496864,100.0,0.3624084091696746,24.00757082606417,0.2775648454247311,1
13.0,109.22151265462767,38.09638757345529,38.66992235492711,100.0,0.7570107440727667,36.4145724805126,0.0,1
4.0,94.0452906451518,78.06614972198969,2.7993038014138527,100.0,1.0,38.12608805989129,0.3312808239690136,1
4.0,87.46610579132692,108.37160669176492,7.307773415557223,0.0,0.2584484744771371,47.25481308632703,0.638227399418795,0
4.0,57.97658913996795,42.65442431089947,10.762564428164794,0.0,0.8230544433973042,23.54046068541108,0.1770621261642007,0
4.0,186.69862815809032,72.78029965164167,12.036356670975756,100.0,0.0,46.08686005099264,0.0,1
3.0,85.59733229690615,56.25754575074578,3.595077715835956,0.0,0.1417431796723132,26.73471741035817,0.4948506005277802,0
2.0,113.81988404525532,77.36221180014489,40.0693290735252,0.0,0.2123664631439675,17.436823630810366,0.7574018934076214,0
2.0,112.04197440355456,69.47146688186558,16.358329594082694,96.51134353452076,0.0942473931677833,41.74481139991107,0.0,1
4.0,130.73701432989122,56.65515396454039,26.140079493710072,100.0,0.024923483063726,48.43094940464466,0.7433969238392808,1
2.0,147.0035908012575,78.56472232649882,11.374378137381113,65.73901837962886,0.6238996736413392,63.73732588766208,0.7424283534373859,1
1.0,148.43515162751186,104.10435332986282,0.0,27.055865911777232,0.4357796906816416,19.04324187193548,0.7877021688138439,0
4.0,102.24152196579398,65.3964664404904,24.820917734262757,61.44147085679156,0.6138216192815329,41.44725228395331,0.8752169511225283,1
3.0,115.55210515883483,83.06330407767473,0.0,37.10886577142981,0.7071418058364539,28.364345323236314,1.2007666090623328,0
9.0,129.9425584156256,44.01050461729942,19.401855262632505,0.0,0.57968509795176,42.44363278418357,0.3540335319070927,0
0.0,112.9418839621265,50.54513428973063,0.0,0.0,0.6973289528451121,15.848223295471248,0.508168193005771,0
8.0,172.33505843263976,78.26468179087931,52.29641598769293,100.0,0.4791403141273191,18.299316646756942,0.3340588785949035,1
8.0,136.61119845242405,97.89185095359773,35.08180355479555,100.0,0.1439019835082766,24.04467708663549,0.4725543356141733,1
0.0,144.41608915359416,75.9988989664418,22.192060660343685,99.16048964737767,0.8173442542462388,34.1317757388834,0.9792810807156191,1
3.0,142.1122005973572,63.0266742078508,40.71930684247469,0.0,0.3232663601656619,25.63524105484741,0.0267002058189486,0
3.0,158.4511634395304,69.08625326521306,6.958944360548227,58.89083572197114,0.2193211103712722,40.976841258178354,0.1868925585131944,1
0.0,126.69268987851862,44.84208996098748,29.19567005872149,0.0,0.4466246372586805,45.31735649544339,0.9277468899830098,0
1.0,79.40137766541292,80.82759733129411,23.69696693949941,100.0,0.2261567242110461,40.2750149866952,0.8095320837845917,1
0.0,133.69001445608453,86.21726140907413,24.72432130133872,100.0,0.3747708854031703,52.30169414799825,0.3517034249035471,1
10.0,100.05657939866148,60.32944754303824,40.857656001708285,0.0,0.6032161764690399,38.10675422757305,0.7547070623709582,0
7.0,103.9842661840078,59.98118233346567,32.219873644476834,12.301132033794588,0.604502521773838,18.84061881798603,0.584842443864863,0
8.0,139.663648600163,74.25803765524974,25.11957860520037,100.0,0.2306509800723112,49.287842859752416,0.968490895579327,1
6.0,160.52505828587636,60.627637120812444,0.0,100.0,0.3536883881153766,26.059156419849234,0.4965626755566617,1
0.0,121.58069045555398,67.81702727625904,5.13925927552858,28.16452420222278,0.8222999014310731,43.942938296289725,0.8113842296918248,0
2.0,130.78265640316684,109.8346027098304,18.53665706246841,0.0527620685687395,0.6489200353201823,51.77006375535026,1.3464059423730572,0
5.0,175.37087822832763,64.30770140552767,21.99395798842642,0.0,1.0,38.58891852661871,0.6698708203207113,0
0.0,128.6041017436342,62.14820105078829,2.416740405217219,91.71607249629383,0.8540384521224582,15.545326004657134,0.4882276228780932,1
6.0,204.15385965377263,56.53768897067791,59.08682680925474,100.0,0.8432879205679817,22.365096435184466,0.7110299521081442,1
3.0,138.99630866020942,83.53732424709877,44.762304884057166,100.0,0.0836394348632594,48.808384709244606,0.3509920359345141,1
3.0,64.55559170701383,65.5842510395688,30.133893126279737,77.23346159803623,0.7291581054900268,31.20435230941477,1.2623173105286862,1
6.0,145.00693187534506,56.50216305656433,21.65258978053992,100.0,0.4840679594909268,34.13896771231756,0.5315035134773699,1
5.0,133.0970683162489,94.73329822609642,17.10465648158157,78.52220114512104,0.3347054589385251,42.1541281107306,0.3815590710053552,1
3.0,162.17208813064786,96.64029828756456,5.269304639644231,0.0,0.5504046021597585,41.41660977254782,0.195286939338368,0
8.0,142.44180324063868,57.45178282466912,21.7396882963018,100.0,0.783563460383445,36.48983778614844,0.8350798834217311,1
0.0,116.46940851251924,32.889124943604045,24.62404064228401,100.0,0.6502494773012635,30.737713219598504,0.7589390336459816,1
6.0,81.7224564387403,88.64576558283628,0.6318307922940107,81.82904662275732,0.236457859597382,29.510512340358183,0.3072757030619351,1
6.0,114.2112557668472,55.81818138025592,25.84682267591836,0.0,0.7227376740777861,43.323206138437854,0.662705395235522,0
3.0,93.6833454653024,84.4381366237577,18.01585521880402,100.0,0.3087237373772108,39.732120466599966,0.0,1
5.0,102.32324960624888,30.87998593639039,0.0,100.0,0.5650049356892859,30.163859992710087,0.5331252603492147,1
0.0,139.73450894145952,86.41638836300659,6.733839827527969,16.1035195352868,0.4089949797568597,45.96892529331906,0.6217623525373859,0
7.0,174.33694413924502,45.60326457195284,13.882311465253691,100.0,0.4343401244793123,31.677397441468557,1.0370261669641028,1
3.0,133.5294889543354,83.27682390989057,50.703002517443046,22.47983941802413,0.7298728925121528,23.15038634285416,0.2167589762968038,0
2.0,82.6317420148741,69.37689751602682,29.40484999254013,0.0,0.1879418840552306,24.244145752940533,0.0487652798664305,0
7.0,135.12728538304452,50.59357526370509,0.0,0.0,1.0,21.65085813154476,0.1755133449338111,0
1.0,159.19220757266083,61.20349552922045,28.27658063068219,0.0,0.0,29.985561804076493,0.0294958263957614,0
0.0,101.38694706177978,82.41457806495998,0.0,100.0,0.3206996950235429,47.75794648436708,0.9143335854182234,1
0.0,116.61145066646664,71.15435239043553,37.82305686219317,0.0,0.6110635669825223,23.69987686384,0.984499606652956,0
6.0,121.37002223133432,80.43761182116619,12.96200557091394,0.0,0.675294249930593,35.42401398001362,0.5778916873010623,0
0.0,95.78325398136832,107.4429473396004,19.001820980173267,0.0,0.4698572838284884,25.451065721596528,0.876148627021784,0
10.0,141.6449738830035,38.7537127328056,41.71274636067504,69.88477139048912,0.4827827890995372,30.12835331299704,0.5162402239720578,1
0.0,117.029659244551,100.4739239543913,0.0,62.483082976680336,0.623165025598285,15.381513698574024,0.4404180446110464,1
10.0,134.3250382050249,71.12450518795032,0.0,42.164596240930855,0.4306791567626959,30.59764889595286,0.3616645480932048,0
5.0,92.5002503103328,51.663589462531306,11.162410778463922,0.0,0.9179543773804716,30.91427651830145,0.3691605818540258,0
3.0,106.90133438965088,43.29191566066359,37.114061616309066,0.0,0.7518047342694807,39.57539773962121,0.0,0
2.0,144.0162034504887,65.43106441892554,0.0,100.0,0.7618473053016903,35.83471477641338,0.5593683267540293,1
5.0,108.96933913306346,86.98001217133451,0.0,16.376417467182215,0.2101529829888749,19.058972925565868,0.4585494757191515,0
4.0,176.16284323946897,66.62554706467583,13.28145826545602,100.0,0.4761834726782891,45.99353927971381,0.7186143996697769,1
8.0,108.11164206033273,98.41640564679854,29.327852798574725,0.0,0.4098602153837889,35.68157587461955,0.5028562773211798,0
4.0,128.08991122406036,40.94719161299975,39.70418799582127,100.0,0.1983195872931603,35.54104350269434,0.4180450747806306,1
4.0,150.74290661993888,68.86547441178654,13.089418206633615,100.0,0.6080492551837301,33.09164823005536,0.1835351070674742,1
3.0,75.51229654614299,44.803567178385485,13.91717428614396,100.0,0.338706272666055,27.090462122777808,0.495782721388003,1
4.0,64.55411801661518,76.15445852292437,38.96241174809195,32.28992814146146,0.6966211489550711,35.77006760903497,0.7162565234001497,0
5.0,72.07899793375697,86.30561536788761,0.0,100.0,0.1789425311317005,38.81194354395728,0.093454793951242,1
0.0,161.30269130966985,60.937221202587565,14.283667597071853,52.075371894119456,1.0,12.586630842122451,0.5008538124683247,1
0.0,103.24053933144172,18.578251181433597,23.54678223880092,80.70779727683268,0.2311002024223815,26.842622119316072,0.5490372169562592,1
6.0,202.7623771413841,72.959594047852,27.687499540560548,42.28960679249238,0.5657907011601309,30.191625749237648,0.2342205566223545,0
4.0,102.84407684296356,77.57272790363008,12.34309290894588,60.86858428200293,0.7375577931164202,36.22281314719248,0.2773195630754519,1
3.0,126.8056417023052,76.94331824625692,21.05105618729346,100.0,0.3288078709399661,47.28106986994009,0.548232190941617,1
4.0,170.24751848217204,93.0741745213498,0.0,0.0,0.7557405930298852,24.09345838775797,0.0967376429451417,0
5.0,185.09497242109197,48.32155861480845,9.968025402658428,0.0,0.1312449206598751,27.32405020754947,0.587724749747549,0
2.0,186.86811445236475,82.29619244573871,27.75613940087148,0.0,0.935635309754768,27.15209749437071,0.1755377023188047,0
1.0,159.56771937898057,92.2346457420727,4.783295451925127,0.0,0.5042447794897275,23.74197443676641,0.8237045723939946,0
4.0,153.6700008259668,34.59540087027357,21.44374754543356,0.0,0.3210765776093361,29.103199357675305,1.2457209837235272,0
0.0,139.86086237443786,75.30124542282815,27.649960012843167,98.17008078383569,0.4102454682717696,42.29546619585806,0.1869894986366976,1
5.0,145.8075544373324,59.31891127845117,15.01921278627576,0.0,0.7426757808178158,20.76474115470072,0.6487228024460173,0
0.0,103.26205707748692,67.51846014182806,23.227420335945133,100.0,0.3246634124448685,38.24820986280426,0.2313484294840516,1
7.0,94.71763573048618,75.84492378064373,5.096278955446204,83.79902385629512,0.2751926931731667,13.117553685783644,0.8164558315270682,1
5.0,120.79201736284952,59.64776585619708,17.194219524863254,0.0,0.4335390207248785,26.57621164198197,0.0530994665927938,0
5.0,115.4540920792023,55.99126326426472,30.26345871342756,100.0,0.1469113661690095,29.312026257427767,0.6309742170395729,1
7.0,106.3967024215272,69.76255689926766,23.01156737549495,100.0,1.0,52.96334414038597,0.1829406519596242,1
9.0,143.1843983186149,48.00742878606162,11.115499686977032,0.0,0.330081622635583,29.957332803918284,0.4033881010084399,0
7.0,151.4697666742563,48.0349924996274,24.08746246865269,100.0,0.7494850358541211,7.225327013279166,0.1306306339262413,1
0.0,123.72902036133912,82.27984168935616,31.933756650185888,0.0,0.5628410250943318,9.613110899037252,0.7440980058664944,0
0.0,168.18096259376838,46.81339571792206,0.0,91.05162740140824,0.2046397848554095,33.60154911889084,0.1948595026804966,1
2.0,84.36594834772785,82.0264625176387,39.04518503929437,0.0,0.4982135872361812,40.44249609832092,0.654600169838835,0
4.0,114.70289730304904,78.07427108136665,15.11992418110285,0.0,0.7352008337932244,37.63037912000159,0.3580035526451678,0
6.0,97.96168574071024,35.61934946146242,27.307838931843683,35.699459756586,0.443521599474108,35.17732724845169,0.4340096449345763,0
1.0,61.17082825366209,55.95524574468829,39.65595077832364,65.54642538913888,0.8579338837553083,46.91466325056688,0.5208072053494426,1
4.0,118.25421805303364,92.26572241911902,0.0,33.98729929559761,0.8064546178345591,26.83282359530185,0.219736033680921,0
1.0,117.00407973173492,50.06538869589017,9.148943961159254,0.0,0.7756744563974988,43.75994456111654,0.5415315145820335,0
2.0,169.3303917837482,60.09055731119788,15.883220865988722,33.73162804249301,0.3621029683181009,13.942224356688278,0.97844074080131,0
0.0,141.0859739057529,78.06398132908679,7.959943662009147,100.0,0.1760472656655539,22.52161557133082,0.2143506258893715,1
1.0,88.12602162146544,84.29777588008234,48.25898521338894,74.62832292988374,0.3159237183911617,11.87691153980457,0.8597691574236426,1
0.0,180.230962122694,64.22014561073678,6.791646498771316,100.0,0.5588722822000162,29.956825452096453,0.9677703166844568,1
0.0,159.9730782568113,57.50830222298215,11.611251528210136,2.602728907672372,0.6637360140597066,32.65411763625716,0.2017526986317174,0
7.0,139.5271265109957,96.69397531695104,23.77022450564763,100.0,0.0,34.54639760827294,0.0,1
1.0,113.65250883680538,102.83465347767302,1.2656075827825788,0.0,0.4975660395164749,33.9302235640682,0.5718490579568541,0
13.0,90.19794442484866,88.08984618516682,14.169108611899778,100.0,0.5474267675969553,22.25487069642161,0.290708109964165,1
5.0,108.98938316572632,70.75517196576146,25.579252180002804,100.0,0.4167367231053345,30.955158035924057,1.090407665542954,1
4.0,155.73995583053397,53.41964500016603,15.17423352987982,100.0,0.8873821517047636,15.530129310452168,0.4834212959054444,1
1.0,181.2067617899075,52.98937851280263,19.005810257600828,56.46920904213158,0.6265340222752612,49.28610190656056,0.2063719959403556,1
6.0,170.28379290471003,79.23677364215568,12.030686200826066,18.940180224424797,0.8930575724242691,29.61721233980359,0.0921902018551235,0
2.0,105.25681850283924,77.21692548524045,0.0,100.0,0.4352118438949303,27.431143795284445,0.8326585414590648,1
4.0,85.07224213475165,96.29101270316072,25.645491381427817,0.0,0.7812432477520774,51.94949587564018,0.2828381045781342,0
13.0,125.40835990115852,81.7187317952011,48.57892914635586,0.0,0.9905199183582558,18.541490904119097,0.4864073326214017,0
3.0,64.30994030198875,39.94024214585953,20.79442609253501,34.00134541535369,0.8935080347817983,19.918072054422765,0.7882707086322311,0
8.0,131.241366853913,89.5077837838246,24.104225875960797,100.0,0.1723575219713801,20.26460016655093,0.3116104855108952,1
1.0,116.1767172384426,49.73762383010039,31.583564081869756,100.0,0.4238971767372857,32.39911769594612,0.4566975576870068,1
4.0,105.98683194021623,61.65095732412438,0.1907120552528134,0.0,0.3964505883650611,38.29325322972365,0.4664158563487458,0
10.0,69.86950184746254,73.95388400128287,47.74023453007369,44.05255233965909,0.6467763605228982,41.92817052379044,0.6980804133118264,0
