FUEL_CONSUMP,CARGO_CAPACITY,ENGINE_POWER,HAS_DUAL_PROP,NOX_EMISSIONS,CREW_SIZE,AGE_YEARS,PORT_DISTANCE,NAV_EQUIP_LEVEL,REG_FEES,MAINT_CREW_RATIO,PAINT_COVERAGE,RUST_AREA_PERCENT,MAINT_COST
34.97,38.2,35.38,0,4.35,21.0,17.9,51.5,7,21.74,0.13,81.9,6.5,178.59
28.62,32.7,21.55,0,6.13,30.0,15.7,185.4,3,22.49,0.24,88.1,13.1,156.22
36.48,51.0,33.68,1,5.29,29.0,26.9,112.0,6,13.84,0.1,82.2,2.94,186.75
45.23,33.4,25.99,1,5.48,24.0,13.8,164.4,4,8.37,0.17,83.6,11.41,193.96
27.66,55.4,21.74,0,6.33,32.0,13.2,226.8,3,21.83,0.22,75.0,14.23,181.52
27.66,49.0,22.58,0,4.21,23.0,10.2,117.2,9,14.74,0.14,92.9,13.37,168.76
45.79,45.2,23.4,0,5.99,23.0,18.4,131.1,10,14.21,0.23,74.4,21.12,218.67
37.67,31.8,27.12,1,4.42,8.0,18.1,163.8,2,10.54,0.16,64.0,30.18,251.14
25.31,38.5,27.61,1,5.51,27.0,8.3,85.1,1,8.75,0.14,82.9,16.7,166.9
35.43,65.1,22.13,1,4.03,18.0,13.2,112.1,2,17.82,0.26,94.2,20.25,204.72
25.37,60.0,24.88,1,3.63,22.0,8.4,151.2,7,18.35,0.21,85.8,29.8,217.5
25.34,30.4,35.71,0,5.14,20.0,8.0,135.0,10,16.01,0.23,73.4,4.96,123.94
32.42,52.0,33.64,0,2.17,23.0,-2.3,180.4,1,11.18,0.25,86.0,12.91,135.76
10.87,65.0,27.18,0,4.56,27.0,12.7,288.3,6,9.68,0.07,89.4,8.65,113.07
12.75,16.6,25.19,1,2.59,25.0,-2.0,155.0,7,7.84,0.23,85.9,17.9,135.12
24.38,60.9,25.6,0,6.17,29.0,10.4,107.9,9,12.2,0.16,82.4,13.9,153.44
19.87,36.7,28.07,1,6.58,31.0,8.9,220.9,8,9.97,0.17,89.9,6.27,150.84
33.14,61.4,19.89,1,3.7,23.0,25.5,70.6,6,6.45,0.22,67.6,12.08,183.8
20.92,34.7,23.71,0,5.64,23.0,4.9,80.6,3,18.26,0.18,76.1,19.33,142.67
15.88,13.9,16.66,0,6.35,30.0,7.4,120.2,8,8.4,0.23,71.9,2.87,83.9
44.66,17.4,27.0,0,6.35,30.0,11.2,135.9,7,19.92,0.2,98.5,6.42,177.14
27.74,51.0,28.24,1,5.32,29.0,9.2,119.0,3,16.97,0.21,92.1,5.37,151.63
30.68,55.2,22.58,1,6.1,20.0,28.7,148.4,9,16.47,0.18,86.9,14.28,194.98
15.75,31.9,32.87,0,4.03,27.0,3.6,163.7,2,23.33,0.15,70.5,20.68,174.82
24.56,62.8,18.87,0,5.12,26.0,11.2,203.4,3,8.57,0.16,92.4,-2.07,105.6
31.11,16.8,17.68,1,4.3,30.0,18.3,154.6,2,19.37,0.19,98.9,12.66,175.42
18.49,48.7,26.12,0,3.9,22.0,23.8,121.9,1,13.51,0.29,90.7,5.53,167.47
33.76,25.8,30.24,1,5.05,17.0,11.2,200.7,4,27.86,0.27,84.6,19.04,202.48
23.99,37.0,33.42,1,5.52,28.0,-4.2,109.1,5,13.1,0.17,91.3,10.34,120.81
27.08,50.9,22.71,0,6.75,12.0,13.5,68.4,6,12.29,0.2,87.7,12.91,136.6
23.98,32.8,30.39,0,5.4,21.0,28.5,210.3,5,17.13,0.19,94.3,11.99,205.24
48.52,42.3,24.81,0,5.96,20.0,17.8,207.1,1,13.96,0.21,94.0,19.87,221.95
29.87,70.1,24.14,0,5.98,20.0,17.4,110.4,3,11.21,0.21,82.8,26.34,204.01
19.42,38.5,29.42,1,9.03,21.0,4.4,130.0,1,10.15,0.23,78.4,4.06,96.32
38.23,66.7,28.26,1,2.28,31.0,3.3,104.2,5,22.29,0.05,81.0,5.33,152.74
17.79,27.4,17.12,1,3.97,29.0,15.2,166.3,5,9.18,0.22,90.4,14.25,172.87
32.09,60.6,32.38,0,7.21,24.0,0.7,236.6,6,16.12,0.18,81.6,6.29,113.94
10.4,78.8,31.9,1,4.47,31.0,22.8,185.1,8,20.28,0.16,77.5,18.54,189.56
16.72,0.6,21.87,0,6.33,20.0,6.5,201.8,10,20.52,0.24,85.0,19.66,171.75
31.97,34.1,26.98,0,5.35,19.0,14.8,191.0,1,11.99,0.27,96.1,8.17,168.42
37.38,61.5,27.47,0,8.16,29.0,-3.9,150.0,4,13.97,0.23,86.4,6.66,123.98
31.71,45.9,26.3,0,3.33,28.0,11.1,204.2,10,13.0,0.17,82.2,10.08,160.6
28.84,57.4,22.25,0,6.83,23.0,3.1,187.3,1,7.32,0.15,88.2,12.73,137.8
26.99,37.9,21.64,0,7.62,19.0,-8.2,222.0,9,17.69,0.05,85.8,14.2,121.18
15.21,51.7,24.87,1,3.48,32.0,20.4,127.0,7,15.19,0.21,65.7,-3.77,136.18
22.8,46.9,30.86,0,6.17,16.0,31.4,63.1,7,22.2,0.23,92.0,5.23,183.32
25.39,73.4,27.72,1,3.55,22.0,26.3,202.3,5,10.88,0.19,89.1,9.17,189.69
40.57,55.1,23.15,1,5.05,26.0,21.8,167.5,7,20.44,0.25,85.2,6.42,191.75
33.44,56.8,28.86,0,4.62,34.0,10.9,135.2,2,20.8,0.13,95.6,-8.05,99.92
12.37,41.8,10.76,0,1.4,27.0,23.1,138.0,4,15.24,0.19,97.1,-1.22,90.82
33.24,40.2,30.74,0,5.64,27.0,27.2,277.7,7,4.15,0.19,93.0,2.86,157.53
26.15,41.3,16.3,1,5.22,22.0,16.4,117.9,3,12.44,0.19,76.5,11.19,151.1
23.23,57.9,23.19,0,7.22,28.0,3.2,107.3,2,23.93,0.26,76.8,8.95,154.64
36.12,41.6,19.4,1,5.92,26.0,10.0,154.3,10,16.49,0.19,96.2,7.58,158.31
40.31,55.8,18.53,0,8.44,17.0,32.0,209.0,2,18.47,0.19,66.2,17.58,225.35
39.31,91.5,30.8,0,5.16,29.0,14.3,263.9,1,14.55,0.15,83.5,17.57,218.67
21.61,67.4,22.66,1,4.84,30.0,-18.2,182.9,5,13.88,0.27,89.4,13.05,81.72
26.91,43.5,26.73,1,4.72,29.0,0.3,86.5,6,5.66,0.13,67.5,12.84,131.82
33.31,74.0,24.77,0,4.34,25.0,10.8,248.5,6,18.97,0.17,87.3,6.0,144.39
39.76,41.8,27.39,1,1.69,20.0,25.4,149.0,9,20.4,0.28,94.5,6.84,203.21
25.21,9.2,25.38,1,4.67,13.0,12.3,108.1,4,10.25,0.22,70.1,0.05,123.73
28.14,29.8,18.59,1,1.9,26.0,25.5,96.0,1,14.11,0.2,101.6,10.24,183.06
18.94,12.6,29.98,1,5.68,30.0,9.7,191.8,6,13.43,0.2,74.9,17.5,174.59
18.04,43.0,22.53,1,3.14,30.0,-4.6,161.9,5,17.1,0.15,90.7,21.48,142.82
38.13,50.4,17.22,0,3.66,29.0,10.1,167.3,10,12.28,0.2,84.2,10.29,158.92
43.56,83.5,22.86,0,4.0,25.0,18.4,214.3,6,19.66,0.18,85.7,15.44,199.65
29.28,56.5,32.5,1,4.69,30.0,17.6,109.9,3,15.36,0.21,72.2,-7.99,136.25
40.04,45.6,29.25,0,5.01,30.0,2.4,218.3,2,2.25,0.12,97.6,8.97,139.11
33.62,66.6,23.26,0,6.63,23.0,11.5,124.0,6,17.21,0.22,88.3,8.81,145.27
23.55,5.8,23.25,1,4.13,28.0,41.8,258.2,1,19.98,0.25,101.2,22.44,253.5
33.61,54.7,23.39,0,5.72,22.0,2.7,179.9,7,9.24,0.19,72.4,14.75,129.24
45.38,65.4,35.38,1,9.1,28.0,21.6,104.0,7,17.04,0.23,83.2,15.46,250.89
29.64,20.4,26.91,1,5.57,19.0,-6.0,48.7,10,24.15,0.22,87.1,15.1,156.67
45.65,72.9,27.15,0,4.73,19.0,23.6,190.4,7,15.56,0.17,85.6,12.32,213.64
3.8,56.8,30.15,1,3.83,30.0,6.1,131.3,10,20.71,0.15,91.7,22.73,146.74
38.22,41.7,26.19,1,4.71,30.0,19.0,142.2,1,12.79,0.15,83.1,-4.14,140.13
30.87,62.7,23.7,1,3.67,28.0,2.1,188.3,4,14.91,0.21,106.2,13.02,152.32
27.01,95.4,24.02,1,5.4,25.0,17.9,200.5,7,13.98,0.2,85.4,19.91,193.72
30.92,53.6,24.64,1,5.16,13.0,5.9,211.2,9,13.06,0.26,56.2,-1.24,91.7
10.12,55.0,24.81,0,1.76,25.0,7.8,91.3,5,14.26,0.24,85.8,17.87,127.76
27.8,40.8,28.64,0,4.97,27.0,19.4,221.3,2,6.85,0.24,97.6,6.67,152.4
33.57,33.0,25.26,1,6.61,22.0,10.7,121.0,7,13.35,0.21,75.8,12.77,156.89
44.78,66.6,28.66,1,4.4,21.0,18.8,37.2,10,21.69,0.15,75.1,6.54,209.69
24.82,32.9,24.6,0,4.02,32.0,13.1,91.1,1,10.18,0.22,76.6,18.71,180.21
21.92,51.4,25.39,1,2.93,25.0,15.7,160.9,7,9.67,0.2,74.2,9.98,143.82
24.98,40.4,15.01,0,2.21,27.0,19.5,101.1,6,15.31,0.14,80.2,17.92,188.74
39.15,59.6,29.58,1,6.25,29.0,11.5,145.6,7,15.56,0.26,94.1,15.05,207.11
33.29,56.7,26.73,1,4.73,20.0,5.0,166.9,10,16.89,0.26,100.3,6.44,146.11
24.7,70.8,29.99,1,6.16,26.0,9.7,140.9,3,14.43,0.14,60.8,15.51,171.0
35.13,39.8,10.52,1,7.3,32.0,27.0,125.3,3,15.36,0.17,81.2,7.36,174.77
30.97,44.6,35.44,1,6.38,34.0,16.2,87.5,7,13.25,0.17,88.0,12.45,188.58
39.69,30.4,24.3,1,4.19,25.0,6.6,151.1,2,8.62,0.23,87.0,9.85,144.2
22.98,41.1,30.54,1,5.22,24.0,19.0,46.8,1,14.64,0.22,104.0,18.3,210.94
26.72,57.5,19.8,0,4.08,26.0,19.7,115.7,9,18.62,0.2,64.9,15.78,176.99
26.08,65.1,28.06,0,3.94,26.0,20.2,103.6,9,17.58,0.21,59.1,11.78,179.39
15.36,31.6,19.73,0,5.51,32.0,5.2,138.0,7,6.28,0.14,105.6,7.2,91.89
32.96,67.4,21.88,1,3.75,20.0,8.2,139.3,7,16.26,0.22,92.5,3.12,130.12
32.61,77.1,34.57,1,1.69,24.0,8.2,198.0,3,10.54,0.19,79.3,12.95,201.7
30.05,58.3,24.05,1,3.67,19.0,11.4,229.2,10,21.96,0.17,86.7,7.57,148.65
27.65,87.5,26.09,1,4.54,20.0,20.4,94.1,2,16.63,0.12,87.4,-1.15,156.25
15.85,34.5,29.35,1,7.28,27.0,18.0,249.6,7,19.48,0.2,79.0,2.69,140.77
25.79,25.1,27.48,1,4.26,29.0,18.8,111.0,9,15.11,0.22,86.4,23.38,220.81
26.57,14.4,25.75,1,5.77,22.0,28.5,158.6,1,14.67,0.11,88.5,7.38,193.01
21.98,79.9,26.82,0,4.75,29.0,21.9,175.5,4,22.48,0.2,105.2,19.58,207.4
28.39,63.1,37.02,1,6.84,31.0,13.6,272.2,6,19.86,0.21,94.6,9.5,179.55
34.04,48.9,24.71,0,6.74,35.0,3.2,122.9,7,15.59,0.17,102.4,20.68,180.38
48.86,55.6,26.01,0,6.76,25.0,7.9,60.2,10,14.0,0.22,71.6,20.17,205.79
31.75,27.5,30.25,1,2.4,22.0,12.4,224.5,7,6.46,0.19,81.5,6.22,168.49
32.58,98.9,30.53,1,5.31,20.0,23.3,108.3,10,16.62,0.21,87.4,-1.92,143.12
29.26,52.6,30.94,0,6.14,19.0,14.7,131.9,2,14.37,0.23,65.8,-1.32,112.62
10.81,52.2,28.19,0,5.57,31.0,8.4,94.1,4,17.77,0.23,96.8,6.34,102.09
29.73,64.5,19.28,1,5.95,17.0,7.7,132.1,5,19.29,0.25,91.4,25.23,182.67
30.6,59.6,33.17,1,5.09,31.0,14.3,108.0,1,21.16,0.22,81.3,9.13,190.35
54.63,54.5,19.27,0,3.88,21.0,23.9,183.8,1,16.68,0.18,83.2,13.02,226.72
28.08,34.2,26.51,1,2.45,22.0,30.9,154.0,10,9.77,0.17,97.5,21.12,218.79
33.02,59.4,21.23,1,4.03,24.0,12.9,115.9,3,4.25,0.15,77.0,12.77,160.08
29.65,87.6,24.68,1,9.02,21.0,14.6,199.8,10,10.88,0.21,97.9,12.53,156.1
18.31,76.9,26.64,0,4.27,30.0,2.9,162.7,3,21.67,0.27,82.5,16.36,140.75
41.43,81.9,26.61,0,2.06,34.0,34.4,57.7,8,24.12,0.18,92.6,14.02,251.86
37.52,39.8,27.11,0,6.1,22.0,1.0,196.0,9,13.81,0.22,85.9,11.3,160.0
37.91,30.2,33.07,1,6.28,23.0,26.7,159.2,1,7.7,0.16,107.3,6.95,190.23
20.91,47.5,27.27,1,6.93,24.0,11.3,219.5,2,11.76,0.21,76.1,12.55,169.45
44.03,51.1,23.78,0,5.71,28.0,9.0,156.2,10,20.69,0.26,79.3,19.66,215.91
15.98,71.9,29.82,0,6.27,24.0,3.9,110.4,2,12.04,0.23,69.9,24.47,180.92
35.87,16.2,30.95,0,7.76,32.0,39.1,139.8,4,17.95,0.12,74.0,14.05,242.24
51.9,80.6,18.86,1,3.88,31.0,17.2,190.2,2,15.84,0.23,92.1,17.29,238.3
20.09,46.8,27.99,0,3.58,19.0,15.2,111.5,7,18.55,0.23,101.0,13.89,185.64
24.34,41.5,28.51,0,3.36,28.0,23.9,128.0,9,24.09,0.21,93.3,11.39,186.66
31.0,29.8,23.51,1,4.6,33.0,8.5,138.9,7,17.95,0.23,84.9,15.6,176.42
24.97,16.9,31.88,1,7.15,23.0,15.0,92.5,6,15.73,0.16,76.1,20.33,189.45
14.49,66.5,24.25,1,5.79,24.0,15.6,112.2,10,24.64,0.2,94.0,5.8,129.63
30.69,51.5,25.63,0,5.73,22.0,9.9,158.6,1,16.75,0.26,75.5,1.84,118.54
19.38,24.2,24.13,1,2.27,22.0,27.0,210.1,10,11.04,0.25,71.5,8.27,155.76
34.74,24.1,25.08,1,3.96,17.0,12.8,165.9,9,18.44,0.23,81.9,13.48,182.93
20.81,43.3,19.52,0,2.25,18.0,-0.5,147.7,5,17.24,0.16,64.7,18.09,126.46
45.5,83.4,17.8,1,6.76,25.0,12.0,108.4,5,13.46,0.15,71.2,5.07,162.22
22.17,44.8,32.97,0,7.38,33.0,17.5,204.8,6,12.41,0.21,103.9,-5.42,123.12
26.78,19.9,20.77,0,6.17,22.0,6.1,171.7,9,13.51,0.21,69.3,8.43,122.39
38.14,45.1,20.04,1,3.52,22.0,6.9,114.7,8,12.34,0.19,73.1,10.64,154.69
17.69,44.5,14.23,1,7.22,34.0,9.5,194.9,8,13.67,0.16,85.7,3.86,104.58
32.27,-3.9,21.81,1,4.62,19.0,27.2,178.0,8,10.79,0.22,86.2,6.71,171.29
43.07,48.9,18.38,1,3.18,17.0,10.1,109.3,1,16.93,0.21,82.7,18.07,183.41
13.93,45.4,33.21,1,3.55,21.0,29.3,144.9,1,16.56,0.21,65.0,12.55,189.9
31.85,63.9,30.05,1,4.35,22.0,8.9,125.4,8,16.73,0.23,93.5,14.42,171.62
32.6,87.0,21.56,0,5.07,16.0,18.3,281.7,5,14.69,0.19,80.6,9.51,150.93
37.82,72.5,36.26,0,4.76,24.0,10.5,176.6,9,14.11,0.18,97.2,6.72,173.45
17.63,44.6,29.91,1,2.88,30.0,22.5,159.3,2,22.21,0.26,78.6,9.46,184.2
16.8,27.9,23.38,0,6.82,19.0,3.8,173.6,9,15.34,0.16,94.8,15.49,143.28
35.22,101.5,12.5,1,4.77,25.0,22.4,219.0,8,21.32,0.18,98.0,1.56,145.89
32.97,51.2,36.45,0,3.93,27.0,16.1,145.8,9,10.02,0.26,80.3,23.55,214.76
32.5,50.3,18.05,0,6.67,25.0,8.6,120.5,4,17.95,0.17,93.8,16.02,168.42
33.46,49.5,16.77,0,3.22,26.0,13.3,192.2,1,11.33,0.2,71.7,8.25,140.97
23.2,54.0,30.11,1,2.56,26.0,30.3,141.3,1,12.22,0.18,87.6,17.69,220.53
32.32,47.1,37.2,0,6.91,21.0,16.4,96.5,5,12.94,0.11,97.2,20.56,216.02
32.93,38.5,31.92,1,7.84,32.0,8.0,86.8,2,12.63,0.19,90.2,9.69,171.19
22.86,39.1,27.82,0,4.31,31.0,3.0,226.5,8,12.65,0.15,109.1,10.48,147.86
48.66,49.3,27.97,0,4.93,31.0,20.1,156.6,10,21.09,0.21,90.7,22.45,257.13
34.74,39.1,29.27,0,3.28,30.0,17.0,120.5,5,15.23,0.26,81.3,26.83,233.49
18.09,35.7,28.79,0,5.01,17.0,22.0,138.3,5,16.13,0.09,113.4,12.21,165.01
36.57,52.1,26.41,0,4.29,30.0,0.4,190.4,2,12.71,0.18,101.3,3.89,125.49
20.25,44.9,25.52,1,4.85,28.0,3.3,135.3,7,19.28,0.22,69.0,8.71,121.37
37.87,80.1,24.69,1,5.61,17.0,26.5,77.5,8,16.78,0.09,77.2,19.23,209.75
41.59,-3.0,21.23,0,3.35,24.0,18.3,166.3,10,13.46,0.27,74.6,4.79,168.93
21.79,71.8,23.6,0,4.46,26.0,20.3,210.4,1,7.08,0.22,91.5,10.54,165.54
39.63,74.9,16.54,0,2.29,33.0,5.4,207.1,2,16.08,0.25,90.7,14.05,161.52
34.13,8.5,24.51,0,4.47,29.0,5.2,122.0,10,17.88,0.17,90.6,5.54,155.88
38.22,43.1,20.06,1,4.86,21.0,24.9,213.5,4,10.11,0.18,68.7,19.68,214.09
48.97,42.6,19.48,0,5.34,33.0,25.4,160.6,5,13.52,0.19,78.6,16.86,208.69
27.55,21.8,25.9,1,5.36,25.0,4.1,212.1,2,17.69,0.31,83.5,26.07,203.19
22.46,34.4,31.96,0,6.36,24.0,2.2,178.7,1,7.15,0.27,66.8,17.47,143.21
21.1,27.8,29.59,1,2.69,23.0,13.9,73.9,9,11.76,0.21,76.3,5.27,149.12
21.84,85.0,17.15,0,2.77,17.0,7.0,237.3,1,16.88,0.21,98.6,15.71,127.07
29.23,68.7,20.05,0,5.79,24.0,6.8,152.6,4,20.53,0.23,69.5,18.92,174.92
33.41,75.4,29.7,1,1.94,27.0,2.5,178.8,2,25.93,0.32,99.6,19.28,185.02
32.77,64.4,20.09,0,5.27,23.0,10.3,82.8,4,24.79,0.22,95.9,6.56,151.85
38.27,27.4,23.88,0,3.23,27.0,3.5,175.3,8,15.72,0.2,82.1,5.73,147.14
30.13,39.5,27.75,0,7.36,21.0,4.0,205.1,8,12.58,0.18,78.5,4.02,126.98
44.54,59.8,20.16,1,5.38,24.0,18.0,246.8,9,19.62,0.21,93.3,23.23,234.01
27.35,25.6,25.53,0,4.67,27.0,14.4,220.0,5,12.28,0.17,77.1,16.36,161.54
57.2,64.3,18.33,0,6.84,26.0,19.8,177.7,7,11.19,0.22,77.6,6.25,197.64
36.26,45.2,21.99,1,3.4,17.0,-1.5,72.8,3,13.47,0.13,84.8,12.89,153.73
21.43,42.5,26.6,1,3.69,23.0,15.1,156.6,10,12.85,0.19,63.7,11.13,146.58
19.29,64.2,17.04,1,3.11,33.0,35.8,120.4,4,17.06,0.24,70.5,5.19,166.15
34.82,58.9,27.2,0,3.7,23.0,11.3,161.7,10,11.99,0.22,81.8,12.25,178.45
27.77,42.8,24.9,0,5.09,25.0,23.2,89.2,9,15.43,0.18,89.8,13.33,183.77
37.14,73.2,27.76,0,5.74,25.0,23.2,139.5,10,22.97,0.19,77.0,25.52,238.75
34.73,28.4,26.12,1,6.44,33.0,23.7,124.1,10,15.61,0.25,83.0,7.41,192.9
29.27,62.3,31.82,0,2.26,31.0,16.7,122.6,1,22.58,0.14,68.9,0.03,147.27
21.53,61.9,25.63,0,4.74,29.0,20.7,123.1,2,21.01,0.14,94.3,4.66,155.55
14.85,43.8,22.85,1,3.34,20.0,22.0,143.2,5,17.96,0.15,87.2,5.75,139.77
25.53,56.5,25.61,1,4.69,27.0,21.4,164.3,3,13.23,0.2,88.1,9.01,167.31
38.56,25.0,27.72,1,8.5,28.0,3.8,25.1,2,20.2,0.13,89.9,4.67,163.02
32.14,68.5,25.24,1,5.44,22.0,-2.1,31.2,1,13.75,0.25,85.8,17.75,132.61
17.54,46.3,25.2,1,6.35,21.0,-0.5,133.1,10,14.99,0.15,80.2,4.19,104.16
31.73,39.5,21.49,0,7.94,34.0,12.3,140.1,3,16.65,0.21,96.3,12.14,177.51
33.85,71.0,21.69,1,6.69,23.0,20.9,159.5,1,14.97,0.17,86.6,26.0,221.85
21.16,35.9,17.99,0,4.33,33.0,4.0,113.6,1,11.4,0.2,83.3,15.87,146.22
31.54,21.8,33.75,0,3.09,30.0,24.2,150.5,1,7.36,0.12,84.9,15.16,194.46
30.58,18.9,18.78,1,4.95,27.0,10.0,156.3,8,19.8,0.25,84.7,25.0,195.11
18.57,62.1,21.54,1,4.15,27.0,10.1,113.3,3,17.85,0.15,83.2,20.72,164.66
33.58,24.4,21.41,1,2.71,18.0,6.6,200.7,1,6.4,0.15,89.5,15.96,167.05
35.61,85.1,29.47,0,5.36,26.0,-3.8,158.8,7,11.27,0.32,75.6,9.82,117.46
40.83,8.4,23.53,1,5.4,32.0,17.3,177.3,10,15.9,0.23,76.4,11.84,212.9
40.54,83.9,31.24,1,7.65,28.0,32.1,153.4,3,17.21,0.25,90.6,11.5,230.16
16.22,54.2,21.63,1,4.46,26.0,14.4,255.2,8,7.41,0.22,83.5,9.19,138.22
20.62,48.1,26.39,1,5.42,34.0,-3.5,179.8,4,14.55,0.18,94.7,13.48,137.88
35.15,39.1,20.82,1,4.0,24.0,22.8,125.6,4,17.7,0.13,89.1,14.46,202.9
35.14,58.0,35.73,0,6.31,22.0,-1.2,191.0,5,13.24,0.19,79.5,3.29,121.29
35.15,49.2,19.06,0,4.81,26.0,2.9,68.1,6,16.28,0.15,90.8,23.42,193.36
68.53,72.1,26.55,0,3.24,29.0,12.6,156.0,7,12.56,0.15,97.0,14.87,226.38
35.71,52.3,28.17,1,4.98,16.0,16.2,166.0,4,19.55,0.12,89.5,10.16,175.49
41.36,53.0,27.07,1,5.59,26.0,4.9,156.6,8,11.0,0.21,91.7,13.55,182.75
39.54,42.7,24.07,1,5.38,29.0,12.2,133.3,6,9.29,0.28,83.3,18.51,198.37
36.51,48.9,24.35,0,6.57,24.0,22.2,99.4,1,15.14,0.23,94.9,1.73,174.29
26.85,56.2,25.22,1,2.83,31.0,23.5,110.5,1,7.83,0.19,79.2,11.26,179.02
37.59,15.8,24.26,1,3.74,28.0,27.5,155.1,9,4.47,0.2,88.4,3.7,168.56
22.27,23.0,29.82,1,5.96,36.0,34.1,94.3,10,20.42,0.05,110.7,30.6,275.36
27.63,64.9,36.05,0,3.91,21.0,23.1,238.5,6,10.08,0.18,90.4,12.97,185.92
25.15,53.4,22.21,1,5.36,29.0,12.8,18.0,10,8.33,0.13,80.8,3.76,122.87
30.82,46.3,18.15,0,1.37,20.0,23.6,133.8,8,10.94,0.21,80.8,37.2,256.07
53.15,50.4,24.56,1,9.07,17.0,19.7,155.5,7,10.72,0.19,84.3,8.25,215.88
11.33,57.0,37.9,0,4.6,15.0,20.1,175.4,6,14.29,0.16,93.5,10.54,153.62
36.86,39.2,20.98,0,6.79,28.0,16.8,104.2,4,9.53,0.21,86.5,11.04,160.97
13.87,34.4,33.2,0,4.49,26.0,5.9,206.7,7,17.49,0.21,78.5,6.06,119.58
25.28,53.9,33.39,1,5.62,23.0,4.7,80.3,9,18.23,0.28,78.5,13.73,168.46
40.89,30.4,22.23,1,7.24,16.0,14.0,121.7,10,8.63,0.23,86.5,-3.48,129.78
30.64,58.2,27.84,0,6.75,22.0,16.5,181.0,10,11.91,0.21,85.4,19.6,206.02
19.22,15.9,33.14,0,4.69,25.0,8.2,202.0,7,12.38,0.15,89.5,4.11,128.86
22.85,70.6,23.1,1,4.8,29.0,19.2,79.8,1,14.17,0.15,94.2,9.09,150.3
36.8,59.5,23.98,1,6.51,25.0,35.8,282.3,10,20.41,0.23,112.3,17.26,240.33
22.7,55.1,22.09,0,8.5,26.0,-2.4,105.1,9,20.7,0.19,70.4,10.57,107.36
32.16,69.7,19.93,1,5.29,23.0,20.8,84.4,4,27.49,0.21,91.9,10.86,201.77
30.46,83.3,21.75,1,7.94,34.0,14.3,175.1,3,3.65,0.25,86.0,4.92,120.88
23.48,70.3,18.88,1,4.64,20.0,19.5,132.6,4,10.38,0.12,66.6,26.67,189.43
51.44,13.2,25.17,1,6.43,22.0,10.7,125.2,4,24.07,0.27,97.5,15.72,210.88
36.34,24.4,21.15,0,6.65,23.0,13.5,179.8,10,6.0,0.25,89.2,4.42,143.29
9.75,37.5,26.17,1,4.39,28.0,16.3,73.6,2,23.96,0.1,93.0,13.25,156.12
31.86,50.5,17.22,1,3.88,20.0,12.0,64.9,1,15.74,0.32,68.0,3.93,131.33
23.38,60.4,26.65,0,6.72,26.0,-0.2,120.1,10,15.92,0.22,82.8,24.06,164.29
38.52,35.5,29.17,0,4.2,26.0,12.7,203.9,1,8.6,0.18,74.2,13.4,181.71
22.07,53.7,15.03,1,3.66,22.0,0.8,122.3,8,12.74,0.23,106.6,5.17,84.79
28.85,34.9,26.87,1,3.97,27.0,21.5,230.0,2,23.74,0.15,96.4,16.88,201.93
35.05,37.8,31.14,1,4.2,20.0,-3.7,210.1,10,14.76,0.23,78.2,10.05,159.26
38.66,21.9,18.95,1,6.28,19.0,25.3,164.1,5,12.78,0.16,69.6,2.98,171.57
18.0,31.5,33.36,0,5.77,25.0,19.3,167.0,4,17.03,0.3,86.9,14.67,186.78
26.65,23.0,27.1,0,6.07,17.0,19.3,164.1,8,14.04,0.2,95.9,14.47,177.63
25.25,30.5,21.47,0,5.63,14.0,-6.6,158.0,2,16.73,0.23,67.6,19.96,132.65
23.47,71.1,24.72,1,4.11,28.0,11.7,131.7,10,10.75,0.16,75.7,12.45,159.94
47.65,31.0,27.79,1,6.05,30.0,26.5,137.5,9,14.61,0.24,73.9,12.75,237.96
34.05,102.6,25.38,1,6.77,23.0,9.8,96.5,7,11.79,0.2,93.7,13.12,177.24
17.39,59.9,27.69,1,5.88,22.0,4.2,39.5,7,5.98,0.13,81.3,23.17,157.94
39.18,53.7,20.4,0,5.67,30.0,8.6,205.2,1,17.41,0.19,81.7,9.83,171.9
51.22,32.8,25.85,0,3.85,19.0,14.3,157.9,2,8.83,0.3,86.7,15.29,175.99
40.32,64.0,17.93,1,5.32,18.0,6.5,150.3,4,14.18,0.24,76.2,16.32,181.06
14.81,38.5,24.44,0,3.77,29.0,27.3,169.9,4,19.63,0.18,70.6,14.45,179.35
25.16,52.4,20.48,1,4.96,25.0,14.4,108.6,3,7.51,0.11,98.7,9.56,150.34
42.67,101.2,21.32,1,2.54,30.0,9.4,99.9,7,18.02,0.16,99.6,12.84,178.44
22.92,48.1,31.18,0,2.55,14.0,2.0,135.8,8,13.5,0.13,86.8,11.34,117.05
34.44,73.0,30.46,1,4.71,18.0,19.8,218.4,2,10.17,0.11,87.5,25.71,232.51
37.75,35.9,28.05,1,4.18,25.0,19.6,91.6,4,25.11,0.24,97.6,8.8,183.48
20.73,49.3,19.54,0,5.16,27.0,7.1,18.6,3,15.0,0.2,86.6,5.61,110.08
29.4,85.4,23.42,1,4.8,29.0,-7.4,123.9,2,12.16,0.29,80.8,11.96,116.82
-2.41,37.5,31.07,1,5.05,26.0,19.1,207.1,6,11.1,0.15,85.4,11.46,133.6
19.76,86.2,25.71,0,5.91,26.0,13.1,63.4,4,19.41,0.2,98.9,13.38,167.21
27.47,64.2,36.6,1,4.31,23.0,18.4,91.0,6,11.94,0.13,85.5,8.8,171.87
17.52,38.8,26.97,0,4.67,33.0,34.6,163.2,2,18.78,0.17,78.3,12.77,204.58
46.32,62.6,25.96,1,7.18,19.0,14.7,278.5,4,14.99,0.19,86.5,12.91,205.65
15.7,69.5,23.45,0,5.0,27.0,9.9,82.1,6,20.58,0.18,91.6,18.34,154.52
25.6,62.4,25.67,0,4.73,20.0,3.5,80.2,5,9.79,0.2,90.4,12.65,128.02
31.31,18.6,24.24,0,5.12,28.0,11.9,166.9,3,10.48,0.25,90.5,12.72,176.19
44.41,35.5,28.54,1,4.76,20.0,16.6,210.2,8,13.59,0.24,76.7,15.61,208.69
15.64,45.0,29.78,0,3.94,29.0,15.5,118.8,7,14.01,0.16,92.7,18.07,178.01
41.63,48.5,21.07,0,3.5,26.0,32.2,68.9,3,13.23,0.2,85.3,5.11,198.7
30.1,62.4,18.34,0,3.85,34.0,20.0,171.7,6,28.16,0.24,77.9,3.23,150.03
20.18,53.6,15.82,0,6.31,24.0,13.7,180.7,4,25.32,0.25,92.6,23.87,177.98
34.62,23.3,27.54,0,4.06,27.0,7.9,238.9,5,16.5,0.17,80.5,16.93,185.32
31.99,57.6,19.48,1,4.77,21.0,17.7,182.8,5,17.08,0.24,69.3,10.46,150.05
24.0,62.2,14.24,1,6.05,24.0,5.9,191.4,7,13.82,0.22,75.0,12.14,130.02
30.7,61.2,26.94,1,4.58,26.0,16.8,136.9,5,9.75,0.15,83.2,9.25,158.83
26.15,71.6,37.46,1,5.95,17.0,19.9,272.1,3,14.09,0.24,90.8,13.48,203.11
31.14,66.7,24.97,1,2.69,18.0,12.8,130.1,10,18.86,0.21,76.4,5.2,154.2
36.62,59.2,29.19,1,4.8,28.0,8.7,119.4,5,21.53,0.11,82.6,17.88,213.44
45.86,48.6,25.41,1,5.12,24.0,-6.9,240.5,7,19.98,0.19,72.8,13.23,161.76
17.62,16.8,24.51,0,5.03,22.0,26.4,76.3,5,7.45,0.2,94.8,13.48,166.39
51.33,58.6,29.6,1,2.52,21.0,19.0,57.6,5,13.55,0.17,102.2,5.74,193.74
10.48,54.2,23.55,0,6.8,22.0,19.3,156.0,9,7.66,0.26,101.1,15.67,143.22
28.48,55.4,26.34,0,3.72,26.0,-0.6,149.9,3,20.84,0.26,94.6,5.9,151.51
35.88,24.5,26.61,1,5.5,27.0,28.8,138.6,6,12.94,0.18,93.6,7.15,204.31
32.81,28.4,21.66,0,5.01,15.0,10.3,199.7,1,14.76,0.18,64.3,12.61,145.24
23.77,71.1,29.96,0,6.51,32.0,12.1,104.6,10,17.4,0.19,86.8,29.55,244.25
27.92,49.2,24.13,0,8.28,32.0,4.3,153.2,5,28.83,0.19,80.0,13.2,159.82
25.07,63.6,21.22,0,3.06,13.0,-2.9,132.0,8,16.34,0.17,93.8,-5.98,65.38
24.11,50.6,27.68,1,4.03,30.0,26.6,105.4,5,13.81,0.01,59.6,7.5,188.29
38.5,50.6,20.51,1,5.28,30.0,27.9,146.9,9,8.79,0.29,86.9,16.79,201.94
33.57,68.8,25.14,1,3.34,25.0,13.3,192.6,6,22.29,0.2,82.9,4.1,150.94
23.07,39.7,24.95,1,6.17,19.0,8.2,256.0,8,14.09,0.19,96.2,17.82,179.48
39.0,51.9,30.43,1,6.27,30.0,11.2,179.0,10,23.29,0.22,100.5,13.11,197.79
33.07,40.8,27.37,1,5.84,24.0,11.5,24.5,8,20.53,0.2,75.7,18.94,209.79
38.13,41.3,24.87,1,5.35,28.0,3.0,148.1,3,12.69,0.18,76.2,8.09,144.46
36.3,43.8,29.09,1,7.05,36.0,12.1,152.5,7,8.04,0.15,87.3,7.54,166.27
21.71,54.4,31.95,1,3.27,26.0,16.5,196.8,7,16.36,0.11,102.3,15.95,203.97
24.4,40.4,27.79,1,5.1,20.0,25.2,159.2,10,11.93,0.13,85.6,11.95,187.5
37.47,75.1,25.05,0,3.89,23.0,15.1,212.7,6,15.2,0.14,72.2,11.52,174.28
36.1,32.1,18.44,1,6.33,21.0,-0.8,169.6,7,20.25,0.23,78.9,22.98,172.53
29.79,46.3,19.67,0,2.25,27.0,18.5,227.9,2,6.73,0.24,87.0,16.23,168.29
31.17,41.2,23.47,0,4.96,21.0,12.4,128.1,9,16.32,0.16,87.4,-1.93,133.16
42.78,78.9,21.95,0,5.5,23.0,28.7,157.2,10,18.8,0.07,78.0,17.59,238.63
24.08,53.9,24.07,0,3.58,19.0,29.3,191.3,10,19.04,0.2,78.7,16.89,191.33
35.47,70.6,25.28,1,4.06,24.0,29.6,121.4,1,8.18,0.18,75.2,20.29,229.66
27.98,20.3,27.65,0,5.02,26.0,9.4,110.5,1,17.1,0.18,96.4,5.42,139.64
27.82,55.3,24.65,1,6.43,12.0,34.9,118.5,3,21.02,0.25,76.7,14.27,219.1
40.99,67.8,27.43,1,3.45,26.0,18.5,112.5,3,16.72,0.21,80.4,12.78,198.43
38.25,51.6,25.32,0,3.71,25.0,31.3,176.1,1,14.42,0.15,80.1,5.3,204.16
38.14,71.3,15.12,1,6.69,21.0,10.0,58.3,7,20.7,0.14,68.9,18.63,187.43
43.05,39.7,20.3,0,4.59,35.0,12.0,72.2,4,11.53,0.19,76.4,10.31,176.63
30.21,78.2,24.28,0,3.83,30.0,17.7,243.1,10,7.35,0.15,97.3,20.07,184.56
36.82,96.0,18.95,1,6.09,20.0,16.5,113.7,2,14.0,0.2,72.9,6.8,153.03
26.9,42.7,28.0,1,4.27,29.0,27.5,160.0,10,17.68,0.25,75.4,1.78,198.05
33.24,41.1,32.65,0,6.54,31.0,12.7,75.5,5,20.19,0.13,71.7,10.3,199.03
28.7,79.1,31.09,1,4.0,26.0,26.6,154.7,6,17.65,0.2,84.1,13.62,209.37
30.97,81.6,23.93,1,4.76,27.0,22.3,114.0,9,19.18,0.25,103.9,8.26,197.56
35.95,39.5,32.45,1,6.42,27.0,12.9,71.8,4,20.23,0.2,83.7,-9.45,141.17
21.82,41.6,25.74,0,4.66,15.0,21.5,216.8,2,13.3,0.24,85.7,14.69,165.24
50.92,44.4,23.31,0,6.13,24.0,10.3,209.1,5,14.26,0.19,77.0,14.65,187.91
19.94,23.1,21.93,1,4.9,24.0,38.5,144.6,3,21.44,0.21,84.4,16.81,228.78
17.86,31.6,23.49,1,7.97,32.0,-11.6,200.0,2,8.95,0.22,97.3,9.34,92.35
41.58,29.9,23.06,1,7.35,27.0,21.7,245.2,1,17.15,0.17,86.4,8.95,191.92
37.92,34.6,25.85,1,3.01,24.0,-2.6,187.7,10,11.42,0.3,106.3,22.08,184.57
36.24,49.3,25.8,1,5.78,25.0,12.7,174.0,2,20.5,0.23,97.6,0.97,137.21
36.28,54.7,25.02,0,3.78,30.0,14.1,159.9,6,14.91,0.27,84.1,10.27,174.51
29.88,81.0,27.18,1,5.29,24.0,30.1,182.5,8,15.04,0.25,83.9,13.0,196.29
21.03,30.0,30.95,0,5.1,22.0,8.1,131.8,3,23.64,0.22,101.3,16.24,156.19
30.76,69.7,29.75,1,3.42,24.0,28.1,136.2,9,9.62,0.27,86.4,13.19,197.16
23.23,45.7,17.58,0,6.59,30.0,3.2,172.5,9,16.08,0.21,99.1,5.55,113.7
39.75,49.0,12.23,1,5.3,27.0,28.5,126.3,2,14.1,0.16,105.0,20.17,217.66
28.53,63.5,29.67,0,4.57,25.0,10.3,131.7,8,17.66,0.2,83.0,12.01,153.01
21.75,27.5,18.17,1,4.34,26.0,15.7,150.0,10,24.65,0.15,88.5,0.32,134.21
26.79,57.6,23.88,0,5.21,22.0,11.6,207.5,5,11.97,0.09,94.8,13.46,170.32
34.13,53.3,19.15,0,5.61,24.0,27.8,93.4,4,9.01,0.16,92.7,15.33,203.16
24.36,59.8,15.99,0,4.81,22.0,25.9,188.0,10,10.95,0.2,92.6,25.73,224.69
21.78,55.8,27.71,0,0.75,24.0,19.4,189.6,5,13.84,0.25,71.7,14.86,189.23
32.44,99.1,28.8,0,5.03,32.0,3.5,189.3,4,15.32,0.16,76.5,1.63,121.56
32.45,37.2,22.12,0,2.84,20.0,7.8,109.7,8,15.57,0.25,80.0,1.87,128.32
24.93,39.4,12.04,1,4.69,22.0,4.7,65.4,4,24.01,0.14,97.1,20.81,162.77
25.29,37.5,22.27,0,2.89,19.0,-7.5,178.0,10,23.12,0.15,72.6,6.38,112.04
32.32,38.9,26.96,1,2.88,18.0,27.6,159.4,6,21.51,0.27,100.2,1.15,174.07
15.52,37.3,17.61,1,6.85,24.0,11.7,200.2,2,27.57,0.2,92.8,19.0,161.5
15.93,73.8,25.92,1,4.52,22.0,11.6,115.0,5,19.12,0.19,96.5,8.67,153.06
22.82,78.4,24.92,1,4.41,34.0,30.0,188.0,6,20.54,0.21,75.7,18.63,225.74
27.87,38.6,27.9,1,5.72,24.0,10.2,202.7,5,19.02,0.14,85.7,5.6,141.87
33.11,33.4,25.6,0,4.44,31.0,6.6,145.2,2,18.2,0.18,88.0,22.32,189.26
44.75,59.4,20.13,0,8.16,30.0,12.8,170.8,7,16.97,0.2,87.5,18.1,196.45
38.58,39.0,30.98,0,4.59,24.0,3.7,169.1,4,13.02,0.26,88.0,6.94,138.27
28.4,62.7,24.21,1,5.55,36.0,18.4,108.9,8,8.77,0.12,82.2,0.38,136.59
29.81,54.1,24.86,0,6.46,26.0,11.3,176.6,7,14.35,0.29,86.4,28.14,212.65
19.97,19.7,20.33,0,7.4,33.0,9.9,231.1,7,17.83,0.19,95.3,10.53,140.71
29.81,81.0,22.78,0,3.89,32.0,9.1,151.1,9,15.36,0.14,73.3,6.66,137.21
27.11,85.9,20.58,0,4.37,27.0,13.9,77.0,1,9.67,0.14,100.5,21.7,196.39
33.23,37.7,24.14,0,6.91,29.0,15.8,115.6,10,14.17,0.21,94.8,18.62,174.84
21.73,42.2,33.56,1,6.22,28.0,9.8,61.0,6,13.91,0.13,75.3,20.28,189.28
35.19,55.7,18.14,0,6.61,19.0,11.4,214.5,6,14.69,0.17,88.8,11.31,154.05
45.33,56.7,16.93,1,2.95,25.0,14.2,188.2,6,17.45,0.19,94.0,25.17,217.47
28.91,63.2,32.36,1,7.32,30.0,13.2,124.9,6,18.53,0.26,72.6,2.83,159.26
34.02,90.2,23.95,1,3.86,33.0,15.3,79.1,10,12.5,0.25,85.4,8.14,166.59
36.9,46.5,21.65,1,5.29,21.0,8.2,108.3,7,19.91,0.17,84.2,14.73,189.8
25.99,34.0,30.2,1,4.78,28.0,25.0,118.1,10,20.66,0.19,78.5,20.18,234.11
32.24,22.4,21.97,0,3.68,26.0,16.0,155.5,6,16.6,0.12,85.9,16.63,205.28
30.13,35.4,34.13,0,2.88,24.0,10.0,153.8,1,18.32,0.1,79.0,11.42,165.9
30.98,49.3,28.39,0,2.38,27.0,18.4,217.1,3,19.92,0.14,98.7,8.67,190.73
22.27,85.9,22.56,1,5.18,26.0,14.3,115.4,2,9.51,0.26,78.7,20.21,165.56
30.25,39.6,35.79,0,2.71,28.0,-2.3,74.6,6,20.27,0.24,92.9,17.35,168.94
34.98,54.5,21.97,0,3.3,32.0,18.4,92.2,8,11.05,0.22,68.4,5.88,155.67
44.51,49.7,28.71,1,4.67,29.0,4.8,148.8,3,11.54,0.13,83.4,5.67,164.89
39.59,73.8,26.5,1,1.04,27.0,24.3,113.6,10,15.98,0.16,85.1,8.18,204.59
51.53,100.5,31.51,1,6.17,34.0,12.6,135.4,8,4.28,0.16,83.1,7.28,179.42
22.33,39.4,32.81,1,1.39,31.0,22.8,127.3,8,15.88,0.19,81.0,19.21,219.06
38.72,40.2,25.16,0,4.88,25.0,8.7,199.5,5,19.91,0.19,78.3,15.05,179.43
31.83,70.9,21.23,1,5.02,19.0,15.7,120.7,8,6.77,0.15,92.5,15.9,165.42
51.9,63.6,27.3,1,5.81,20.0,27.1,131.1,6,20.45,0.22,95.0,13.34,240.16
21.92,86.9,21.61,0,4.94,30.0,12.3,185.9,5,11.51,0.21,84.2,13.67,136.16
21.6,61.7,35.07,0,8.03,22.0,9.1,121.8,9,16.03,0.16,74.0,0.93,131.82
24.01,42.8,25.68,1,5.32,20.0,21.6,171.2,7,12.23,0.22,102.9,17.56,189.38
8.76,61.8,23.17,0,6.58,21.0,21.4,166.6,8,17.86,0.26,76.2,8.06,135.95
24.74,72.2,25.92,1,3.91,22.0,9.5,157.1,1,20.12,0.27,70.4,11.77,157.77
22.41,66.4,18.26,1,5.18,29.0,-4.9,93.3,2,18.24,0.22,64.9,8.69,126.01
31.5,60.1,20.14,0,7.32,24.0,8.9,211.5,8,14.98,0.22,86.0,13.02,170.45
33.42,71.3,31.0,0,4.64,18.0,21.8,261.0,9,12.62,0.19,82.8,16.01,214.09
48.76,73.4,21.72,1,5.29,25.0,7.2,150.4,4,14.65,0.25,95.3,4.94,159.72
39.5,77.6,19.77,1,6.47,26.0,14.9,97.7,10,18.28,0.15,91.1,13.77,179.21
24.23,63.0,27.68,1,3.89,23.0,8.4,151.5,10,18.45,0.25,87.9,8.86,147.73
21.02,46.7,30.93,0,1.76,31.0,-4.3,199.5,9,17.75,0.19,82.3,21.25,160.19
34.92,52.9,28.59,1,5.38,23.0,8.2,119.2,4,8.59,0.27,96.1,4.2,148.9
16.8,74.1,29.98,1,6.48,31.0,21.7,143.6,10,14.88,0.23,103.7,4.98,158.01
48.31,33.7,21.22,1,2.97,28.0,-8.7,167.0,10,11.83,0.2,95.1,9.48,129.53
41.79,57.4,17.89,1,6.01,30.0,17.5,210.2,10,18.32,0.19,80.4,5.52,168.68
25.31,42.1,32.51,1,6.02,20.0,3.1,188.8,9,11.18,0.23,92.8,10.43,134.39
12.87,50.6,23.39,0,1.59,25.0,21.1,190.8,7,17.26,0.22,81.0,8.3,149.62
43.54,75.6,23.75,1,3.6,25.0,22.1,128.7,2,13.59,0.18,73.9,12.62,212.6
28.85,53.8,31.64,1,4.41,18.0,13.3,170.1,9,5.6,0.2,76.0,19.06,191.57
42.38,50.9,27.78,1,4.73,31.0,13.3,113.9,4,19.65,0.24,81.4,12.5,204.17
14.06,22.8,27.28,1,3.89,21.0,6.9,192.3,8,14.87,0.13,86.0,13.14,116.82
24.01,64.9,35.83,0,3.8,22.0,1.5,207.6,7,21.38,0.24,105.6,4.6,110.93
30.05,62.9,21.78,0,7.51,20.0,32.0,177.7,7,6.67,0.23,76.2,11.06,183.66
30.47,93.3,29.64,0,4.84,29.0,6.3,131.6,8,13.54,0.26,98.2,9.05,150.04
25.5,43.8,25.29,1,3.96,17.0,30.7,139.8,1,13.92,0.16,81.8,16.77,220.26
36.23,54.4,26.34,1,4.94,28.0,6.4,240.3,5,16.35,0.2,64.8,6.65,154.83
19.32,55.0,32.64,0,5.81,30.0,20.3,132.5,2,8.37,0.21,79.9,5.98,140.3
28.58,81.5,27.54,0,5.08,28.0,3.6,202.5,2,17.72,0.24,96.8,14.22,164.12
31.2,48.1,27.69,0,4.69,29.0,20.2,166.9,1,24.56,0.22,88.4,25.86,236.9
35.14,55.6,30.36,1,4.02,29.0,11.7,133.3,5,17.37,0.14,89.0,10.77,177.7
37.12,62.2,23.18,1,4.01,20.0,11.9,82.8,2,15.46,0.21,98.3,13.18,161.15
18.75,53.7,20.8,0,4.1,32.0,21.1,160.6,4,8.11,0.3,74.6,18.64,176.17
14.66,41.1,19.78,0,5.51,23.0,10.3,154.6,3,11.13,0.23,74.5,15.57,137.95
42.78,53.9,15.17,0,3.51,25.0,0.7,240.3,3,14.72,0.28,62.4,15.62,147.89
33.32,71.5,35.28,1,5.59,23.0,22.6,107.0,2,12.35,0.25,93.8,11.33,207.8
22.52,29.5,19.48,1,7.12,27.0,3.5,264.7,6,20.13,0.27,90.6,11.47,143.74
45.51,52.7,23.89,1,5.49,22.0,20.2,168.9,2,17.67,0.22,92.2,6.71,191.62
31.16,36.0,23.62,0,4.45,25.0,24.7,168.9,8,28.46,0.23,73.2,15.4,211.76
41.79,73.9,26.54,0,3.05,19.0,11.2,120.3,8,10.1,0.21,69.0,15.24,191.71
30.68,19.5,29.08,1,7.37,31.0,26.8,165.7,5,15.17,0.2,71.8,17.02,224.92
50.61,38.8,29.3,0,3.24,28.0,19.8,173.7,10,8.08,0.24,75.8,8.58,191.47
47.55,57.5,22.08,1,6.27,24.0,8.0,196.9,7,3.89,0.17,100.5,17.81,186.16
27.51,81.3,24.16,0,5.96,23.0,29.0,101.1,4,18.61,0.29,95.0,19.93,223.73
39.72,48.7,26.41,0,4.64,28.0,3.6,220.3,1,17.48,0.15,80.4,3.5,120.13
36.45,38.9,23.76,0,4.61,21.0,11.2,168.1,2,10.73,0.24,88.0,9.92,147.26
43.69,87.6,33.04,0,2.25,26.0,12.9,180.4,10,15.47,0.27,78.2,20.23,226.96
20.35,21.0,27.45,1,5.5,31.0,21.1,139.0,10,11.85,0.19,88.6,7.45,172.45
36.86,6.0,28.67,0,5.93,21.0,26.2,103.6,4,12.53,0.14,73.6,15.7,222.43
40.58,58.8,28.31,1,3.37,27.0,25.5,153.6,1,13.4,0.26,92.5,12.06,222.85
12.41,40.0,30.87,1,4.77,27.0,17.2,159.4,8,10.52,0.21,76.5,14.32,163.34
18.17,29.6,25.91,1,5.06,25.0,12.2,80.7,9,11.42,0.24,93.1,12.27,138.19
9.61,64.2,18.52,0,5.88,22.0,-3.3,189.7,4,11.56,0.19,80.7,17.22,102.29
27.31,54.9,27.0,1,5.01,31.0,1.9,199.8,10,17.11,0.29,77.1,4.85,109.39
37.18,38.7,21.74,1,2.56,22.0,32.7,113.5,3,1.13,0.09,101.1,5.61,194.22
45.02,24.4,22.36,1,4.21,16.0,-3.4,98.9,2,13.86,0.22,86.8,22.25,173.0
30.74,67.4,27.93,0,5.34,28.0,7.2,134.9,5,9.56,0.27,81.8,26.7,192.35
46.29,63.0,31.19,0,6.26,19.0,26.4,151.2,3,9.74,0.21,92.6,11.96,225.37
16.2,48.0,25.11,1,4.07,28.0,17.1,136.8,10,12.37,0.22,71.6,24.01,175.89
12.97,86.9,26.54,0,8.28,32.0,24.3,147.0,7,14.93,0.18,96.1,6.6,138.74
29.44,28.6,33.51,1,2.16,28.0,20.4,161.1,6,13.93,0.2,83.6,8.28,185.62
33.84,19.5,26.2,1,4.15,30.0,29.7,81.6,1,9.68,0.12,91.0,22.2,243.08
29.67,36.2,38.01,0,4.88,35.0,18.0,87.3,8,18.61,0.16,69.5,17.63,214.4
9.33,49.1,27.83,1,4.7,30.0,21.6,13.9,2,10.49,0.16,81.2,23.24,190.41
29.11,54.9,16.2,0,3.15,27.0,7.8,197.1,5,11.33,0.23,85.0,15.28,162.06
16.96,45.2,28.77,0,5.67,33.0,20.9,150.8,9,16.42,0.17,95.3,4.91,155.78
36.7,57.0,26.91,1,5.56,34.0,11.0,202.4,8,16.6,0.17,91.8,13.57,193.66
33.67,25.0,31.45,0,5.07,34.0,10.5,93.1,2,11.94,0.18,81.1,20.41,207.17
20.6,78.9,28.37,0,5.5,23.0,23.9,151.2,9,0.32,0.16,88.2,11.07,154.77
24.86,48.4,24.31,1,4.36,18.0,24.0,160.7,5,10.57,0.21,97.6,9.99,190.73
19.41,72.3,18.88,1,2.57,22.0,31.9,121.9,10,15.81,0.22,83.0,15.39,170.48
29.37,56.9,23.95,0,3.93,29.0,31.2,72.3,6,18.44,0.24,81.9,8.08,206.95
39.55,59.1,20.75,0,5.24,26.0,24.2,237.3,3,14.6,0.23,66.1,14.07,211.46
20.14,61.4,22.1,1,5.24,24.0,-2.2,220.0,3,12.61,0.23,82.2,12.44,121.74
35.04,59.0,27.94,0,5.06,28.0,33.3,130.9,10,26.47,0.18,67.6,8.57,219.67
24.7,62.9,33.35,0,5.82,18.0,24.2,175.5,8,13.14,0.18,83.9,18.87,202.66
22.07,76.6,26.97,0,4.13,26.0,7.3,125.8,10,18.06,0.16,94.9,16.52,171.72
28.93,53.9,19.02,0,5.04,31.0,22.3,100.2,10,8.32,0.16,63.8,9.52,162.8
19.65,64.2,27.22,0,5.86,28.0,4.6,241.4,2,9.55,0.21,97.3,11.9,123.31
24.46,48.2,30.98,0,4.87,28.0,21.2,67.2,2,18.24,0.16,81.7,10.1,187.83
18.02,78.8,21.95,0,3.14,33.0,1.8,135.7,5,20.22,0.27,84.7,7.53,132.13
49.65,36.5,24.33,1,3.56,25.0,6.9,154.2,6,13.05,0.2,80.0,0.11,129.08
30.35,86.0,25.07,1,6.25,22.0,22.1,232.6,2,5.76,0.28,67.9,8.61,190.97
23.0,49.2,21.08,1,7.09,31.0,25.7,194.8,5,14.16,0.23,77.2,7.63,158.38
32.14,21.4,28.24,1,6.76,31.0,18.3,66.4,7,15.95,0.16,106.0,12.8,183.95
28.88,52.6,24.4,1,5.35,28.0,12.1,149.9,10,15.49,0.2,74.0,15.08,164.08
27.79,36.4,27.1,0,3.2,24.0,-6.1,151.1,10,12.18,0.12,69.1,6.38,105.33
36.14,66.8,20.56,0,4.99,25.0,12.9,138.6,8,14.24,0.21,86.4,14.61,162.45
37.58,36.9,22.81,0,7.34,19.0,20.3,181.0,7,11.25,0.17,84.1,5.31,149.44
24.69,41.1,28.61,0,5.93,31.0,11.8,79.5,8,9.44,0.14,81.8,11.12,146.38
24.24,12.2,23.14,1,4.69,30.0,14.8,129.6,9,18.78,0.28,85.1,7.78,157.23
27.25,41.0,33.63,0,5.94,18.0,13.1,173.9,5,15.49,0.25,91.4,17.22,185.93
6.98,1.5,23.0,0,3.1,29.0,11.8,184.0,5,14.25,0.25,79.1,12.82,141.29
14.85,18.3,26.12,1,3.96,27.0,15.8,157.5,10,12.46,0.24,86.9,11.23,162.05
43.67,65.2,29.66,0,3.37,20.0,12.3,135.6,4,14.1,0.14,95.2,7.62,182.9
46.45,65.7,17.91,0,5.7,19.0,29.4,144.0,9,15.8,0.18,75.0,9.7,201.75
27.51,58.5,16.2,1,6.07,27.0,-7.1,187.0,5,23.64,0.18,61.8,24.8,144.63
35.77,30.7,17.37,0,4.77,23.0,9.5,151.7,2,18.27,0.11,91.7,8.49,130.11
33.11,49.0,31.31,0,3.69,34.0,6.3,97.9,10,11.67,0.17,110.0,15.36,184.76
60.79,49.9,22.24,0,4.97,30.0,17.2,88.3,8,11.72,0.17,84.9,11.21,221.06
41.2,26.8,37.79,0,4.27,27.0,15.8,75.5,7,10.94,0.21,87.0,15.16,202.5
28.72,80.1,22.18,0,3.81,28.0,31.2,222.8,8,14.0,0.33,82.0,17.86,199.27
20.44,67.5,25.92,1,5.51,32.0,34.5,190.4,3,10.94,0.2,100.9,9.52,180.79
13.94,45.6,32.71,1,3.86,29.0,7.3,144.7,4,17.37,0.21,84.2,16.97,164.29
32.03,50.5,35.03,1,2.65,27.0,15.0,127.3,5,1.78,0.19,83.1,31.3,236.03
22.44,54.2,35.31,1,2.98,20.0,17.0,121.3,6,17.68,0.24,94.1,15.97,201.05
15.78,9.2,31.04,1,2.6,40.0,7.0,204.7,1,16.38,0.15,80.2,23.3,181.69
23.53,45.1,30.12,1,5.37,19.0,21.3,245.2,4,21.31,0.29,72.2,15.37,193.52
19.18,36.4,27.96,0,5.23,23.0,12.6,119.7,10,19.38,0.19,93.8,5.48,146.1
46.87,30.0,28.89,1,5.15,17.0,4.3,206.9,5,11.58,0.18,79.1,13.93,159.19
38.82,44.4,22.24,1,5.88,28.0,12.2,151.4,7,18.82,0.25,75.2,9.69,179.38
29.92,86.0,20.91,0,6.79,26.0,5.0,139.4,5,14.16,0.16,106.0,7.83,127.28
44.8,62.8,24.98,0,4.11,29.0,25.4,225.2,1,5.33,0.24,83.2,11.49,209.4
30.77,38.6,24.15,1,5.61,16.0,34.0,149.5,7,15.79,0.27,89.9,10.92,209.81
21.39,61.5,22.73,0,2.63,31.0,17.4,164.8,8,11.88,0.19,85.3,4.58,128.32
45.23,78.0,28.48,1,7.07,21.0,16.1,162.4,7,15.0,0.3,76.1,30.96,252.53
35.39,68.5,29.78,0,3.13,24.0,16.5,68.7,4,23.26,0.23,91.9,17.66,187.04
19.63,51.2,25.44,1,3.93,30.0,26.8,164.4,8,16.12,0.23,88.1,13.71,198.32
28.1,37.1,32.39,0,4.1,26.0,26.6,121.9,5,9.91,0.27,78.4,12.63,197.42
21.24,64.0,19.29,0,2.71,27.0,13.8,78.9,10,19.82,0.28,89.3,20.42,191.17
16.17,57.9,24.03,1,5.05,29.0,17.5,124.1,9,16.81,0.21,79.9,26.53,200.0
39.26,67.9,21.42,1,5.32,27.0,21.5,123.7,10,9.32,0.24,74.0,16.8,214.96
49.09,62.7,15.67,1,4.72,23.0,3.6,201.5,5,6.97,0.27,72.9,12.85,150.96
16.01,71.0,24.59,1,2.69,24.0,27.1,96.8,1,10.11,0.14,87.7,22.31,174.72
35.63,39.3,24.39,1,7.98,26.0,32.3,110.5,9,19.18,0.11,81.2,13.0,222.55
23.49,76.3,32.57,0,5.82,21.0,26.7,161.8,5,13.49,0.2,100.0,15.05,191.19
25.13,54.0,28.15,1,8.95,30.0,2.5,83.7,6,15.41,0.11,84.6,19.01,158.41
