189.9,36.9,10.2,42354.0,Bulk Carrier
177.2,30.5,11.8,29593.0,Bulk Carrier
193.0,38.0,11.1,40028.0,Bulk Carrier
210.5,35.2,12.5,48928.0,Bulk Carrier
175.3,30.4,9.9,27326.0,Bulk Carrier
175.3,33.7,10.5,36287.0,Bulk Carrier
211.6,42.3,10.4,43916.0,Bulk Carrier
195.3,33.6,8.8,43279.0,Bulk Carrier
170.6,29.9,11.4,28237.0,Bulk Carrier
190.9,33.3,11.4,31868.0,Bulk Carrier
170.7,29.6,11.0,37056.0,Bulk Carrier
170.7,33.6,10.6,35922.0,Bulk Carrier
184.8,34.5,8.9,38520.0,Bulk Carrier
141.7,27.7,10.4,30379.0,Bulk Carrier
145.5,24.8,10.5,26000.0,Bulk Carrier
168.8,30.0,9.8,35212.0,Bulk Carrier
159.7,30.0,10.8,33714.0,Bulk Carrier
186.3,36.8,11.6,33985.0,Bulk Carrier
161.8,30.5,13.8,41997.0,Bulk Carrier
151.8,28.5,11.3,33020.0,Bulk Carrier
209.3,36.5,11.4,36206.0,Bulk Carrier
175.5,31.1,10.9,38680.0,Bulk Carrier
181.4,30.8,8.1,31697.0,Bulk Carrier
151.5,27.7,11.0,34536.0,Bulk Carrier
169.1,33.0,11.1,39915.0,Bulk Carrier
182.2,31.9,14.0,32640.0,Bulk Carrier
157.0,27.2,10.7,36513.0,Bulk Carrier
187.5,33.7,11.5,39867.0,Bulk Carrier
168.0,29.1,10.9,38008.0,Bulk Carrier
174.2,31.7,9.2,44617.0,Bulk Carrier
168.0,30.4,12.7,32666.0,Bulk Carrier
217.0,40.0,12.1,39940.0,Bulk Carrier
179.7,35.8,12.2,31798.0,Bulk Carrier
158.8,31.1,9.6,27990.0,Bulk Carrier
196.5,39.0,13.1,39205.0,Bulk Carrier
155.6,27.6,8.9,33122.0,Bulk Carrier
184.2,34.7,11.9,38519.0,Bulk Carrier
140.8,25.6,14.0,32597.0,Bulk Carrier
153.4,26.0,9.5,31052.0,Bulk Carrier
183.9,35.0,10.2,44355.0,Bulk Carrier
194.8,36.0,11.1,37931.0,Bulk Carrier
183.4,31.9,10.2,50586.0,Bulk Carrier
177.7,34.0,8.7,38966.0,Bulk Carrier
174.0,34.3,11.1,30810.0,Bulk Carrier
150.4,28.4,9.4,25031.0,Bulk Carrier
165.6,32.1,11.7,35833.0,Bulk Carrier
170.8,28.8,9.6,33340.0,Bulk Carrier
201.1,34.6,13.3,44098.0,Bulk Carrier
186.9,33.2,9.8,40041.0,Bulk Carrier
144.7,24.7,10.5,28884.0,Bulk Carrier
194.6,26.7,13.2,35329.0,Container Ship
174.6,25.8,14.3,30000.0,Container Ship
206.6,29.8,16.0,38195.0,Container Ship
245.7,37.3,10.5,39207.0,Container Ship
226.4,34.7,16.0,48957.0,Container Ship
182.6,24.5,9.1,32097.0,Container Ship
225.2,30.7,12.7,34331.0,Container Ship
231.6,32.2,14.2,39510.0,Container Ship
193.5,28.0,13.6,38531.0,Container Ship
224.6,33.7,11.8,36320.0,Container Ship
221.7,33.3,12.6,33737.0,Container Ship
185.7,27.5,12.0,35777.0,Container Ship
230.7,32.7,11.8,43892.0,Container Ship
236.8,32.8,14.7,38973.0,Container Ship
252.5,35.3,13.7,42080.0,Container Ship
251.6,37.1,11.6,47547.0,Container Ship
178.7,24.0,14.8,30000.0,Container Ship
191.9,26.5,13.6,30000.0,Container Ship
235.5,33.4,14.6,37034.0,Container Ship
235.4,33.1,14.3,41067.0,Container Ship
235.5,34.0,11.3,45269.0,Container Ship
280.0,41.5,11.9,62603.0,Container Ship
237.1,34.6,14.5,49944.0,Container Ship
254.1,35.0,14.2,44853.0,Container Ship
248.6,38.2,13.0,44999.0,Container Ship
239.5,36.2,13.2,35497.0,Container Ship
210.5,32.2,15.6,38149.0,Container Ship
242.8,37.1,11.8,41789.0,Container Ship
196.8,26.8,14.1,38408.0,Container Ship
212.9,29.6,12.6,32103.0,Container Ship
205.4,29.5,12.6,41534.0,Container Ship
222.5,33.7,15.2,52704.0,Container Ship
280.0,40.0,14.7,49930.0,Container Ship
164.0,23.5,14.6,33130.0,Container Ship
240.6,36.1,15.6,49227.0,Container Ship
171.6,24.8,13.0,30000.0,Container Ship
205.8,29.8,14.4,39244.0,Container Ship
252.7,35.5,12.4,45981.0,Container Ship
221.9,31.1,13.6,41129.0,Container Ship
187.7,28.7,12.7,30000.0,Container Ship
198.5,28.9,13.2,36333.0,Container Ship
240.4,33.7,14.2,47654.0,Container Ship
198.1,28.3,11.4,47665.0,Container Ship
226.5,30.8,16.0,48843.0,Container Ship
221.4,30.9,11.0,57472.0,Container Ship
200.5,30.1,10.6,30343.0,Container Ship
280.0,42.6,15.3,57779.0,Container Ship
239.0,33.5,14.6,44890.0,Container Ship
160.0,24.5,14.2,46718.0,Container Ship
225.6,31.8,14.3,34540.0,Container Ship
79.0,18.0,5.8,10321.0,Offshore Vessel
85.0,19.2,5.6,15218.0,Offshore Vessel
60.0,12.2,7.1,10703.0,Offshore Vessel
86.9,20.0,7.4,10296.0,Offshore Vessel
81.0,17.9,5.0,12651.0,Offshore Vessel
103.8,21.7,5.0,18018.0,Offshore Vessel
108.5,24.7,5.5,11473.0,Offshore Vessel
146.9,31.8,4.0,23866.0,Offshore Vessel
123.8,25.5,4.0,16776.0,Offshore Vessel
85.6,17.3,8.5,14748.0,Offshore Vessel
77.5,18.7,9.0,10000.0,Offshore Vessel
112.3,22.8,5.6,11630.0,Offshore Vessel
67.0,14.9,7.0,10000.0,Offshore Vessel
145.8,34.2,6.6,22212.0,Offshore Vessel
129.5,29.0,9.0,20402.0,Offshore Vessel
88.3,17.7,8.0,10728.0,Offshore Vessel
60.0,13.4,5.8,11116.0,Offshore Vessel
133.8,30.9,4.3,15292.0,Offshore Vessel
97.1,21.0,4.0,14572.0,Offshore Vessel
130.9,30.9,6.4,16209.0,Offshore Vessel
60.1,14.8,4.6,10000.0,Offshore Vessel
85.0,20.6,4.0,13095.0,Offshore Vessel
100.1,24.3,4.8,12638.0,Offshore Vessel
101.2,24.4,4.1,14223.0,Offshore Vessel
88.7,21.4,9.0,16531.0,Offshore Vessel
115.6,24.9,7.6,15805.0,Offshore Vessel
73.3,17.5,6.0,13703.0,Offshore Vessel
96.4,22.2,8.7,11277.0,Offshore Vessel
103.0,21.0,6.1,17241.0,Offshore Vessel
112.9,25.2,4.4,21454.0,Offshore Vessel
117.8,25.2,8.7,10454.0,Offshore Vessel
71.9,17.2,7.0,10000.0,Offshore Vessel
61.6,14.7,4.1,11178.0,Offshore Vessel
131.9,32.7,5.7,19382.0,Offshore Vessel
108.3,26.0,4.4,17560.0,Offshore Vessel
81.3,19.0,4.0,10581.0,Offshore Vessel
138.8,33.2,7.7,21277.0,Offshore Vessel
102.9,25.2,9.0,15167.0,Offshore Vessel
129.5,31.4,4.0,23126.0,Offshore Vessel
101.7,22.8,7.0,16216.0,Offshore Vessel
151.5,36.0,4.8,23941.0,Offshore Vessel
143.9,33.0,5.1,20547.0,Offshore Vessel
93.8,20.8,4.9,12804.0,Offshore Vessel
124.3,26.5,4.4,17546.0,Offshore Vessel
116.1,28.8,6.1,18804.0,Offshore Vessel
134.2,28.0,4.5,19069.0,Offshore Vessel
75.9,16.4,6.5,12451.0,Offshore Vessel
117.2,28.7,5.9,23999.0,Offshore Vessel
126.5,25.9,5.6,21782.0,Offshore Vessel
60.0,12.2,4.4,10000.0,Offshore Vessel
